[{"__type__":"cc.SpriteFrame","content":{"name":"bg","texture":"a3a321c3-f418-4bf1-a005-567c30232ee4","rect":[0,0,1136,640],"offset":[0,0],"originalSize":[1136,640]}},[{"__type__":"cc.SceneAsset","_name":"login","scene":{"__id__":1},"asyncLoadAssets":false},{"__type__":"cc.Scene","_anchorPoint":{"__type__":"cc.Vec2"},"_children":[{"__id__":2},{"__id__":3},{"__id__":4},{"__id__":5},{"__id__":8}],"autoReleaseAssets":false},{"__type__":"cc.Node","_name":"OnStart","_parent":{"__id__":1},"_position":{"__type__":"cc.Vec2","x":568,"y":320},"_id":"9e34cwthNxKzYvQYOoExy21","_components":[{"__type__":"4f813T7oLhJpafLozAqjFX7","node":{"__id__":2}}]},{"__type__":"cc.Node","_name":"GameEvent","_parent":{"__id__":1},"_position":{"__type__":"cc.Vec2","x":568,"y":320},"_id":"19de02F2U5Af5QcpLIuweHD","_components":[{"__type__":"ead453VPa5BvYmAUE7L3W/T","node":{"__id__":3}}],"_prefab":{"__type__":"cc.PrefabInfo","root":{"__id__":3},"fileId":"024da98GgRJcZ1o38LdU4d1"}},{"__type__":"cc.Node","_name":"AudioMng","_parent":{"__id__":1},"_id":"6160dD6jbtALpuSJCImjHcL","_components":[{"__type__":"a2f35VHzSRPj4U9zkTgB+ml","node":{"__id__":4},"gangAudio":{"__uuid__":"18171e6e-f8f7-43c2-8ecc-372a82208a86"},"pengAudio":{"__uuid__":"405762e6-b894-4ca8-b688-15d80e12fa1b"},"kanAudio":{"__uuid__":"9cba8168-e1cc-4e42-b641-83d6cdf3f31a"},"jiangAudio":{"__uuid__":"12ebe86f-82ce-4c50-b5e0-0226ccd6a0e5"},"niuAudio":{"__uuid__":"b5c9e839-01e6-42bb-b5a7-70dbae4b292b"},"addNiuAudio":{"__uuid__":"57826da5-f374-4aa1-aadc-dd917f31dc16"},"tingAudio":{"__uuid__":"1d8dcc3e-f237-4860-9f43-2deb3d90849e"},"huAudio":{"__uuid__":"9e0f4eaa-c196-4d63-9ffe-303b831c4db0"},"cardsAudio":[null,null,null,null,null,null,null,null,null,null,null,{"__uuid__":"4ec3259b-f93a-443f-9161-8695ccb4ada9"},{"__uuid__":"dec8da24-c9f6-4163-8c75-91db63de1be4"},{"__uuid__":"1029d3b5-b969-4514-9830-b1cee8680603"},{"__uuid__":"38c6a77c-55a0-40b3-89b7-763c4aed2077"},{"__uuid__":"f460c77a-6f2c-49e6-8872-d3e2af5fa6c7"},{"__uuid__":"00ad1585-4e7c-457b-abbc-fe6a910c213f"},{"__uuid__":"b8430b42-af54-4130-a01a-a357c695062f"},{"__uuid__":"2d3dcf40-947d-4559-b2d8-e71962255f86"},{"__uuid__":"75340285-066b-441a-a198-34b7a57c6c0f"},null,{"__uuid__":"44ffb1b7-90a0-487a-8c67-a2f8d8aaaaae"},{"__uuid__":"a3f3dbbe-8f09-4ec0-a7a6-e6ff19481315"},{"__uuid__":"90ba15af-a259-449c-84c6-8bbf7a9b17aa"},{"__uuid__":"4b9d0829-2443-4e0e-8f20-ba2c8f571a52"},{"__uuid__":"77255445-d7dc-43cc-a8c3-420acfa8a15a"},{"__uuid__":"d9e7b14d-59f8-4816-bac1-a8ced6f0707b"},{"__uuid__":"ac34cbdc-91e0-431c-b16e-1c714e51d363"},{"__uuid__":"9afc8b04-73aa-440a-b12b-295270b72cbb"},{"__uuid__":"46c887f5-7945-4eed-ab45-cd1c32cf4a10"},null,{"__uuid__":"6733fea2-bcce-4508-8418-ac158c61e078"},{"__uuid__":"1b0397d3-00f4-47e9-9824-accb7208b27a"},{"__uuid__":"18680392-da2b-415f-a92a-f564ec66dc52"},{"__uuid__":"c79d5ccc-61e7-4174-bff5-9247fa8f313e"},{"__uuid__":"3e5f2ce3-7356-46fa-8a84-1c627a1fffc4"},{"__uuid__":"0a86a005-078e-402e-a806-13d59d016e73"},{"__uuid__":"09fc3a54-59ba-4c8d-b614-0d2381e07c93"},{"__uuid__":"8cc84820-05dd-4c90-9a40-e5618aff24e9"},{"__uuid__":"0df71d52-c18e-46c0-865f-a74e9420798b"},null,null,null,null,null,{"__uuid__":"d0580f3d-5bcd-4c4b-bf2f-68fb4f8e37ce"},{"__uuid__":"4ff4dddb-fe68-47d0-97a2-a8302d901a2c"},{"__uuid__":"e16dfb95-1e5b-476b-ab72-edd4a8f3acf4"},null,null],"buttonAudio":{"__uuid__":"1fcb8665-8d3b-4dc9-a598-83a0d0cf2747"},"login":{"__uuid__":"be4cd394-276f-4e5a-a7a8-b9477e7be437"},"home":{"__uuid__":"7de8e58c-acbc-4261-94a3-3905f95aac29"},"game":{"__uuid__":"3d94a502-df9c-44a4-8bd2-ce71cae0fe7f"}}]},{"__type__":"cc.Node","_name":"notifyNode","_parent":{"__id__":1},"_contentSize":{"__type__":"cc.Size","width":762,"height":64},"_children":[{"__id__":6}],"_position":{"__type__":"cc.Vec2","x":568,"y":678},"_id":"3773aVwhl5LN6w3HJtzzIWl","_components":[{"__type__":"cc.Sprite","node":{"__id__":5},"_spriteFrame":{"__uuid__":"c9d74c7b-f994-4106-8ad2-c6252bd57a46"}},{"__type__":"cc.Animation","node":{"__id__":5},"_defaultClip":{"__uuid__":"9d06688f-cc88-4cb3-ba30-00daa9999dae"},"_clips":[{"__uuid__":"9d06688f-cc88-4cb3-ba30-00daa9999dae"}]},{"__type__":"55a7bWtepZGrpS+inltGuOs","node":{"__id__":5},"lable":{"__id__":7},"needWait":false},{"__type__":"cc.Widget","node":{"__id__":5},"isAlignOnce":false,"_alignFlags":16}],"_prefab":{"__type__":"cc.PrefabInfo","root":{"__id__":5},"fileId":"b66e2s7evxEIYGsw7PkclxZ"}},{"__type__":"cc.Node","_name":"label","_color":{"__type__":"cc.Color","r":158,"g":60,"b":10},"_parent":{"__id__":5},"_contentSize":{"__type__":"cc.Size","height":40},"_position":{"__type__":"cc.Vec2","y":3.2},"_components":[{"__id__":7}],"_prefab":{"__type__":"cc.PrefabInfo","root":{"__id__":5},"fileId":"52d67IAamNFaKkOYeJ0tHC8"}},{"__type__":"cc.Label","node":{"__id__":6},"_useOriginalSize":false,"_actualFontSize":30,"_fontSize":30,"_N$string":"","_N$horizontalAlign":1,"_N$verticalAlign":1},{"__type__":"cc.Node","_name":"Canvas","_parent":{"__id__":1},"_contentSize":{"__type__":"cc.Size","width":1136,"height":640},"_children":[{"__id__":9},{"__id__":10},{"__id__":11},{"__id__":16},{"__id__":17}],"_position":{"__type__":"cc.Vec2","x":568,"y":320},"_id":"bf858WpicJN+LzpFbR4v7Mh","_components":[{"__type__":"cc.Canvas","node":{"__id__":8},"_designResolution":{"__type__":"cc.Size","width":1136,"height":640}},{"__type__":"88dbawpJVVCo53D5WyUOlgx","node":{"__id__":8},"persistNodes":[{"__id__":4},{"__id__":5}],"buttonsPnl":{"__id__":11},"weixinBtn":{"__id__":13},"guestBtn":{"__id__":15}}]},{"__type__":"cc.Node","_name":"bg","_parent":{"__id__":8},"_contentSize":{"__type__":"cc.Size","width":1136,"height":640},"_components":[{"__type__":"cc.Sprite","node":{"__id__":9},"_spriteFrame":{"__uuid__":"2ed23827-c521-4e34-a365-90b597b3b39e"}}]},{"__type__":"cc.Node","_name":"logoMain","_parent":{"__id__":8},"_contentSize":{"__type__":"cc.Size","width":479,"height":164},"_position":{"__type__":"cc.Vec2","y":60},"_components":[{"__type__":"cc.Sprite","node":{"__id__":10},"_spriteFrame":{"__uuid__":"fcad63d3-d1ac-4a27-b459-96c23a64a569"}}]},{"__type__":"cc.Node","_name":"buttons","_color":{"__type__":"cc.Color","r":167,"g":167,"b":167},"_parent":{"__id__":8},"_contentSize":{"__type__":"cc.Size","width":568,"height":150},"_children":[{"__id__":12},{"__id__":14}],"_position":{"__type__":"cc.Vec2","y":-100},"_components":[{"__type__":"cc.Sprite","node":{"__id__":11},"_type":1,"_sizeMode":0},{"__type__":"cc.Layout","node":{"__id__":11},"_layoutSize":{"__type__":"cc.Size","width":568,"height":150},"_resize":1,"_N$layoutType":1,"_N$spacingX":40}]},{"__type__":"cc.Node","_name":"weixinBtn","_parent":{"__id__":11},"_contentSize":{"__type__":"cc.Size","width":264,"height":90},"_position":{"__type__":"cc.Vec2","x":-152},"_components":[{"__type__":"cc.Sprite","node":{"__id__":12},"_spriteFrame":{"__uuid__":"e162d23a-2dbe-4f3d-ad35-63d3b4c773c8"}},{"__id__":13},{"__type__":"75ab2NzszVJfrt4+z6hBKqE","node":{"__id__":12}}]},{"__type__":"cc.Button","node":{"__id__":12},"transition":2,"pressedColor":{"__type__":"cc.Color","r":255,"g":255,"b":255},"pressedSprite":{"__uuid__":"d6495622-96a3-4fd5-9817-3d12fc72f117"},"hoverSprite":{"__uuid__":"e162d23a-2dbe-4f3d-ad35-63d3b4c773c8"},"clickEvents":[{"__type__":"cc.ClickEvent","target":{"__id__":8},"component":"login","handler":"onWeiXinLogin"}],"_N$normalColor":{"__type__":"cc.Color","r":255,"g":255,"b":255},"_N$disabledColor":{"__type__":"cc.Color","r":255,"g":255,"b":255},"_N$normalSprite":{"__uuid__":"e162d23a-2dbe-4f3d-ad35-63d3b4c773c8"},"_N$disabledSprite":{"__uuid__":"d6495622-96a3-4fd5-9817-3d12fc72f117"},"_N$target":{"__id__":12}},{"__type__":"cc.Node","_name":"guestBtn","_parent":{"__id__":11},"_contentSize":{"__type__":"cc.Size","width":264,"height":90},"_position":{"__type__":"cc.Vec2","x":152},"_components":[{"__type__":"cc.Sprite","node":{"__id__":14},"_spriteFrame":{"__uuid__":"c19aaf56-3584-4337-aba1-14d96a1ed6dc"}},{"__id__":15},{"__type__":"75ab2NzszVJfrt4+z6hBKqE","node":{"__id__":14}}]},{"__type__":"cc.Button","node":{"__id__":14},"transition":2,"pressedColor":{"__type__":"cc.Color","r":255,"g":255,"b":255},"pressedSprite":{"__uuid__":"c19aaf56-3584-4337-aba1-14d96a1ed6dc"},"hoverSprite":{"__uuid__":"c19aaf56-3584-4337-aba1-14d96a1ed6dc"},"clickEvents":[{"__type__":"cc.ClickEvent","target":{"__id__":8},"component":"login","handler":"onGuestLogin"}],"_N$normalColor":{"__type__":"cc.Color","r":255,"g":255,"b":255},"_N$disabledColor":{"__type__":"cc.Color","r":255,"g":255,"b":255},"_N$normalSprite":{"__uuid__":"c19aaf56-3584-4337-aba1-14d96a1ed6dc"},"_N$disabledSprite":{"__uuid__":"c19aaf56-3584-4337-aba1-14d96a1ed6dc"},"_N$target":{"__id__":14}},{"__type__":"cc.Node","_name":"userAgreement","_parent":{"__id__":8},"_contentSize":{"__type__":"cc.Size","width":246,"height":40},"_position":{"__type__":"cc.Vec2","y":-196},"_active":false,"_components":[{"__type__":"cc.Sprite","node":{"__id__":16},"_spriteFrame":{"__uuid__":"dd3335f8-04c2-413f-a838-8f4675c346ac"}},{"__type__":"cc.Button","node":{"__id__":16},"transition":2,"pressedColor":{"__type__":"cc.Color","r":255,"g":255,"b":255},"pressedSprite":{"__uuid__":"dd3335f8-04c2-413f-a838-8f4675c346ac"},"hoverSprite":{"__uuid__":"dd3335f8-04c2-413f-a838-8f4675c346ac"},"_N$normalColor":{"__type__":"cc.Color","r":255,"g":255,"b":255},"_N$disabledColor":{"__type__":"cc.Color","r":255,"g":255,"b":255},"_N$normalSprite":{"__uuid__":"dd3335f8-04c2-413f-a838-8f4675c346ac"},"_N$disabledSprite":{"__uuid__":"dd3335f8-04c2-413f-a838-8f4675c346ac"},"_N$target":{"__id__":16}},{"__type__":"75ab2NzszVJfrt4+z6hBKqE","node":{"__id__":16}}]},{"__type__":"cc.Node","_name":"toggle","_parent":{"__id__":8},"_contentSize":{"__type__":"cc.Size","width":28,"height":28},"_children":[{"__id__":18}],"_position":{"__type__":"cc.Vec2","x":-151,"y":-195},"_active":false,"_components":[{"__type__":"cc.Toggle","node":{"__id__":17},"transition":3,"_N$target":{"__id__":18},"checkMark":{"__id__":20}}]},{"__type__":"cc.Node","_name":"Background","_parent":{"__id__":17},"_contentSize":{"__type__":"cc.Size","width":28,"height":28},"_children":[{"__id__":19}],"_components":[{"__type__":"cc.Sprite","node":{"__id__":18},"_spriteFrame":{"__uuid__":"6827ca32-0107-4552-bab2-dfb31799bb44"}}]},{"__type__":"cc.Node","_name":"checkmark","_parent":{"__id__":18},"_contentSize":{"__type__":"cc.Size","width":28,"height":28},"_components":[{"__id__":20}]},{"__type__":"cc.Sprite","node":{"__id__":19},"_spriteFrame":{"__uuid__":"90004ad6-2f6d-40e1-93ef-b714375c6f06"},"_sizeMode":2,"_isTrimmedMode":false}],{"__type__":"cc.SpriteFrame","content":{"name":"default_toggle_normal","texture":"d29077ba-1627-4a72-9579-7b56a235340c","rect":[0,0,28,28],"offset":[0,0],"originalSize":[28,28]}},{"__type__":"cc.SpriteFrame","content":{"name":"default_toggle_checkmark","texture":"73a0903d-d80e-4e3c-aa67-f999543c08f5","rect":[5,3,20,19],"offset":[1,1.5],"originalSize":[28,28]}},{"__type__":"cc.AnimationClip","_name":"anim-notify","_duration":1.6666666666666667,"curveData":{"props":{"position":[{"frame":0,"value":[568,678],"curve":"quadOut"},{"frame":0.3333333333333333,"value":[568,608]},{"frame":1.3333333333333333,"value":[568,608],"curve":"quadIn"},{"frame":1.6666666666666667,"value":[568,678]}]}},"events":[{"frame":1.3333333333333333,"func":"onNeedExit","params":[]},{"frame":1.6666666666666667,"func":"onExitAnim","params":[]}]},{"__type__":"cc.SpriteFrame","content":{"name":"guestLogin","texture":"7b297959-cc70-43e5-acfc-62c0f6d785c6","rect":[0,0,264,90],"offset":[0,0],"originalSize":[264,90]}},{"__type__":"cc.SpriteFrame","content":{"name":"notifybg","texture":"ca3673ca-c705-4824-80b4-5d780ea4f5c7","rect":[0,0,762,64],"offset":[0,0],"originalSize":[762,64]}},{"__type__":"cc.SpriteFrame","content":{"name":"weixinLogin2","texture":"c07158ff-e668-4f08-9485-1ac48e0f0161","rect":[0,0,264,90],"offset":[0,0],"originalSize":[264,90]}},{"__type__":"cc.SpriteFrame","content":{"name":"userAgreement","texture":"7e25a2a1-1ed5-4c59-92ac-49cee7b4b7c8","rect":[0,0,246,40],"offset":[0,0],"originalSize":[246,40]}},{"__type__":"cc.SpriteFrame","content":{"name":"weixinLogin","texture":"833dab8c-d6ae-4ae5-b6a7-5cf26bb6076a","rect":[0,0,264,90],"offset":[0,0],"originalSize":[264,90]}},{"__type__":"cc.SpriteFrame","content":{"name":"logoMain","texture":"fd0b7670-6215-4fcd-9401-daceb99f461a","rect":[0,0,479,164],"offset":[-0.5,0],"originalSize":[480,164]}}]