{"__type__":"cc.SpriteAtlas","_spriteFrames":{"right0":{"__uuid__":"15230fa6-59ad-46f4-9e49-76d4f8ad3950"},"right10":{"__uuid__":"a5fb7ce0-aba8-449e-b00b-ecd2117bea0b"},"right11":{"__uuid__":"41192687-d441-44b7-823d-9d1fbf097e3c"},"right12":{"__uuid__":"3d526382-aadc-4745-a4b4-7dec58fb2d5e"},"right13":{"__uuid__":"64f3ab48-f6e3-46fc-877a-9987738759a9"},"right14":{"__uuid__":"73dd83af-d238-4d80-8e19-1640e8a0ca5d"},"right15":{"__uuid__":"8ff12d49-d723-4da0-a241-0c9ff078a8cc"},"right16":{"__uuid__":"bcd4b592-f10b-4b8f-adae-304cbe5c1d4b"},"right17":{"__uuid__":"bb96f0b3-da40-4a00-843f-22fa205bc978"},"right18":{"__uuid__":"459310a3-ee25-4b9f-ac6f-ea6d723bb01d"},"right19":{"__uuid__":"88faa825-21df-4455-8715-534e1298da45"},"right21":{"__uuid__":"c31c5554-32af-4005-bf8e-bbbd90154a81"},"right22":{"__uuid__":"716b3136-4990-46b7-af70-9586357fc6e4"},"right23":{"__uuid__":"a79c401a-5ad9-41f7-941a-a708cfc50de2"},"right24":{"__uuid__":"ecdc824e-e8b1-45c6-bbd7-dcb21e572554"},"right25":{"__uuid__":"d935b680-351b-486e-88e8-f4a4a6503be2"},"right26":{"__uuid__":"d4422fff-8bcc-4bbd-9db1-b77153a074a2"},"right27":{"__uuid__":"e2346d40-2674-4ce0-9042-733743ae53da"},"right28":{"__uuid__":"93245baf-cc89-4cff-bea6-743e26d87ef6"},"right29":{"__uuid__":"2176f427-ee94-4d99-871f-cd70c9033bfb"},"right31":{"__uuid__":"5c47285a-5cb6-4db7-a566-5b5661a97167"},"right32":{"__uuid__":"e44ebcd6-efe9-4360-b0b5-165aeec001e3"},"right33":{"__uuid__":"42c47ec1-1e3a-4ee7-89ad-af03a682007b"},"right34":{"__uuid__":"20700c03-0ebd-43a6-8acb-4695bd535b88"},"right35":{"__uuid__":"6e64b48c-6994-4ce6-bc85-97c811ad1861"},"right36":{"__uuid__":"2022d4ce-1fc4-4f1c-8de3-becf33174b09"},"right37":{"__uuid__":"9bd4d5d5-c60b-4bb1-9bb3-d0c49f7044b7"},"right38":{"__uuid__":"f99261e0-63b2-4192-a803-6f1e3700293e"},"right39":{"__uuid__":"d4e2b89c-1faa-414b-a0ec-88f40c6a608f"},"right41":{"__uuid__":"bbdf6982-da4d-4357-bfa6-8550226e4b0d"},"right42":{"__uuid__":"8ceaefde-315b-47b0-8483-fea7b1d5bbfe"},"right43":{"__uuid__":"66c82ede-4f07-49f9-a685-25305914f76c"},"right44":{"__uuid__":"51955cc7-5ac6-433a-b81c-56a155aa27be"},"right45":{"__uuid__":"08c6b76e-ce22-4e9f-bc6c-9c34262b341c"},"right46":{"__uuid__":"37992c02-7f3a-458b-ba53-27e377a6d3f4"},"right47":{"__uuid__":"674ffdfc-94e9-4886-aa20-87f02084d798"}}}