[{"__type__":"cc.BitmapFont","_name":"font1","fntDataStr":"info face=\"Arial\" size=32 bold=0 italic=0 charset=\"\" unicode=1 stretchH=100 smooth=1 aa=1 padding=0,0,0,0 spacing=1,1 outline=0\r\ncommon lineHeight=32 base=26 scaleW=190 scaleH=29 pages=1 packed=1 alphaChnl=1 redChnl=0 greenChnl=0 blueChnl=0\r\npage id=0 file=\"font1_0.png\"\r\nchars count=10\r\nchar id=48   x=0     y=0     width=18    height=28    xoffset=0     yoffset=0     xadvance=18    page=0  chnl=15\r\nchar id=49   x=19    y=0     width=18    height=28    xoffset=0     yoffset=0     xadvance=18    page=0  chnl=15\r\nchar id=50   x=38    y=0     width=18    height=28    xoffset=0     yoffset=0     xadvance=18    page=0  chnl=15\r\nchar id=51   x=57    y=0     width=18    height=28    xoffset=0     yoffset=0     xadvance=18    page=0  chnl=15\r\nchar id=52   x=76    y=0     width=18    height=28    xoffset=0     yoffset=0     xadvance=18    page=0  chnl=15\r\nchar id=53   x=95    y=0     width=18    height=28    xoffset=0     yoffset=0     xadvance=18    page=0  chnl=15\r\nchar id=54   x=114   y=0     width=18    height=28    xoffset=0     yoffset=0     xadvance=18    page=0  chnl=15\r\nchar id=55   x=133   y=0     width=18    height=28    xoffset=0     yoffset=0     xadvance=18    page=0  chnl=15\r\nchar id=56   x=152   y=0     width=18    height=28    xoffset=0     yoffset=0     xadvance=18    page=0  chnl=15\r\nchar id=57   x=171   y=0     width=18    height=28    xoffset=0     yoffset=0     xadvance=18    page=0  chnl=15\r\n","spriteFrame":{"__uuid__":"9b430279-48d2-4a1c-9d84-9b3acb932ea2"},"fontSize":32},{"__type__":"cc.SpriteFrame","content":{"name":"font1_0","texture":"a8465c4d-0d4a-4f6e-aab4-b6f3abeca88c","rect":[1,1,188,27],"offset":[0,0],"originalSize":[190,29]}}]