{"__type__":"cc.SpriteAtlas","_spriteFrames":{"down11":{"__uuid__":"1f8e6d53-faf2-4b93-b0cc-f150a5195352"},"down12":{"__uuid__":"15d27fbf-9c52-473c-abe5-acdf6391ebf2"},"down13":{"__uuid__":"a462e662-49c1-432b-b464-b7900b411a21"},"down14":{"__uuid__":"5d29ec5e-2cfe-4a37-be1a-c93c7c5f5973"},"down15":{"__uuid__":"5430b41b-f6c6-483f-ad1f-d9dcdf81a6aa"},"down16":{"__uuid__":"d3fb1fe0-4d47-4560-8f93-c90c84b6f4bd"},"down17":{"__uuid__":"793665b6-a1ce-416e-b8df-22d5c5288b18"},"down18":{"__uuid__":"1d262fe8-42ed-4119-9454-f04b3856418f"},"down19":{"__uuid__":"fd1ff0d8-a31e-4dfd-a73e-a79d524ae5eb"},"down21":{"__uuid__":"e59d050b-a208-414e-8e41-b23e0134a093"},"down22":{"__uuid__":"047f87c0-0656-455e-a0de-b11e69fed7b9"},"down23":{"__uuid__":"27a65b3b-06e0-4af7-a80d-d8d5ec844c09"},"down24":{"__uuid__":"6ccc8bfb-5fbd-47fc-a6af-70fef54b0ad1"},"down25":{"__uuid__":"99103827-8a4c-4783-8d12-0f34406f25fa"},"down26":{"__uuid__":"951e87f4-7639-4f5c-be39-7b8f887f8236"},"down27":{"__uuid__":"9d3c3040-8a5d-4b1e-a9cc-b9f46ac87b4d"},"down28":{"__uuid__":"dd261411-e28f-4dd4-a59e-0204b8a7d34c"},"down29":{"__uuid__":"8843a443-c5b3-421c-8ebb-b5d78250dbb4"},"down31":{"__uuid__":"77fba860-6e91-4d04-a4c2-df6d94b2754a"},"down32":{"__uuid__":"2c64b5fb-dbbe-4cfb-a3df-d3acd3f01f09"},"down33":{"__uuid__":"effe1fb5-3463-4c97-8e2c-0ac8fb227b17"},"down34":{"__uuid__":"8c09e936-9d1e-4bed-ba96-a21813ad644a"},"down35":{"__uuid__":"a8bae095-ad32-42b8-99e1-5da0808d9368"},"down36":{"__uuid__":"78647f03-fc1d-4baf-b48d-023ffe5c923d"},"down37":{"__uuid__":"373bdf60-e108-4aff-9980-2c4daf8a5004"},"down38":{"__uuid__":"3fad6e42-406e-4bfc-91ec-a5db6e6a1a5d"},"down39":{"__uuid__":"3736ab94-94cc-4f7b-bf37-4d2d53e31a29"},"down41":{"__uuid__":"c270fed9-5cdc-481c-b286-528764ff63fd"},"down42":{"__uuid__":"cbfbaed1-6a75-4820-8c9d-dc80d24d469a"},"down43":{"__uuid__":"74e4a9e7-dd76-41c9-acca-22691a7c67ae"},"down44":{"__uuid__":"9345c5a2-7d49-4464-876d-0822f065bda3"},"down45":{"__uuid__":"c8e354a3-46e9-4fa8-a7f6-e8104c5c9c5b"},"down46":{"__uuid__":"b010e7de-1c30-4bea-8845-0332160ffb3c"},"down47":{"__uuid__":"b5391991-0d6f-46a5-910c-3eb1d1852ba6"},"sdown0":{"__uuid__":"1cb64cb3-684b-4abf-bf51-b112cef8497d"},"sdown10":{"__uuid__":"e4923bfe-f082-432a-9bdc-6ca63355c15d"},"sdown11":{"__uuid__":"95970baf-4473-4769-bcb7-311834451bd2"},"sdown12":{"__uuid__":"bc5000fc-06ac-42f7-b35a-b04a86ed0064"},"sdown13":{"__uuid__":"346c1fd5-c2b6-4038-bb9a-8c7cab5230ef"},"sdown14":{"__uuid__":"fc779897-6f27-44b5-9986-bc262458cfcd"},"sdown15":{"__uuid__":"75905ab1-f5a7-4ed3-89b0-65ff73238ea6"},"sdown16":{"__uuid__":"b098f29b-a751-45bd-9ac4-9514778f445e"},"sdown17":{"__uuid__":"adca9bfa-ca86-42b0-a376-58aade562e8d"},"sdown18":{"__uuid__":"e27c3b9b-902e-4247-89e8-5a5faf52e123"},"sdown19":{"__uuid__":"a5e5968d-4fed-4e77-93a5-a83a05228b91"},"sdown21":{"__uuid__":"1ffeef09-3029-4eb8-9ace-1f3621aebbf0"},"sdown22":{"__uuid__":"b44944e8-c757-4eb9-a815-25208d77a145"},"sdown23":{"__uuid__":"9ba1356f-bd72-426c-a65e-49da2f3c35c1"},"sdown24":{"__uuid__":"4cad1bb0-c677-4781-b2ff-e7dafbd2ca10"},"sdown25":{"__uuid__":"ae51cdaa-41af-4af9-b489-2271d604165e"},"sdown26":{"__uuid__":"a0c11f41-bac7-4131-a187-2383781ff05b"},"sdown27":{"__uuid__":"c2b18948-6489-4c98-a722-64d99f8d52cc"},"sdown28":{"__uuid__":"8ef78c24-c662-44f6-85a0-9a779afcdb97"},"sdown29":{"__uuid__":"6e7bcf31-407b-4eb9-9b61-1091269fb0c6"},"sdown31":{"__uuid__":"8f97a541-edcf-49f8-8804-53621420a8a5"},"sdown32":{"__uuid__":"c80818ea-a81b-4fd0-94ee-a4f76fb3ee05"},"sdown33":{"__uuid__":"13be674e-ba60-46fb-912d-e9d365ee2ebe"},"sdown34":{"__uuid__":"05deb198-8d53-4b24-ba9e-74e105cebe47"},"sdown35":{"__uuid__":"975314f5-5c71-4fa4-81dc-34aa2f745dc1"},"sdown36":{"__uuid__":"033ea4d5-4c22-4684-9469-1e22d0310c94"},"sdown37":{"__uuid__":"ba5eb53a-4c2b-413c-b41d-7d2e253d2505"},"sdown38":{"__uuid__":"6c86f6cf-3f36-47ec-bc61-b9e494c8865f"},"sdown39":{"__uuid__":"4954b154-5d36-4929-bf72-8e277554b6a4"},"sdown41":{"__uuid__":"d9e6896f-3614-414d-bcc7-c7ca792d53c2"},"sdown42":{"__uuid__":"87bb98d6-73fe-4d59-a0e3-5083bab1b6ea"},"sdown43":{"__uuid__":"78715d26-8b45-4411-98d3-5662700c6c61"},"sdown44":{"__uuid__":"9d59e87e-228d-414d-b76d-fb1a764b3778"},"sdown45":{"__uuid__":"59bcf845-330b-4b27-82bf-d3717b6434db"},"sdown46":{"__uuid__":"8285cef8-fbb4-4bd2-9011-61b633e6abd2"},"sdown47":{"__uuid__":"d3e9d673-40f7-4878-9999-cf39118d9bd1"}}}