{"__type__":"cc.SpriteAtlas","_spriteFrames":{"roomInfoBg":{"__uuid__":"9a8adb45-b598-41a4-8bd0-1def21abc5f2"},"fqjs":{"__uuid__":"ed1147de-7af4-4c18-813c-c23c018d3c26"},"tingNotify2":{"__uuid__":"1084b2d2-b11a-4cc5-b68f-b0698aea4966"},"bigHeadFrame":{"__uuid__":"beca54fe-b02d-418f-970e-23336d7c0c53"},"inviteBtn":{"__uuid__":"86cab3dd-d97f-4c81-a1e3-e491d1f88978"},"inviteBtn2":{"__uuid__":"51746786-062d-4b9c-a7a6-6d5f9ff2b3e1"},"v7":{"__uuid__":"9b6f1587-d8c2-4aed-8ccd-155b91f80da0"},"readyBtn":{"__uuid__":"061d415c-f3ae-4fc5-a476-02800a751d6d"},"voice_to_short":{"__uuid__":"550e3543-be98-4354-9ef0-8437de16748d"},"readyBtn2":{"__uuid__":"2022c83c-d22f-47b6-ab79-c5df4fb24a0e"},"cancel":{"__uuid__":"3083d506-5e63-48eb-978c-5f1fb8788784"},"totalAccounts":{"__uuid__":"dd5d3e35-6895-4c33-8979-56c2ac4038a0"},"single":{"__uuid__":"9cdc0e03-98c9-4153-8727-5f728bf87a26"},"dong-down":{"__uuid__":"cf684001-9cbb-4cab-99e0-cd2e32296950"},"dong-up":{"__uuid__":"dfc2c819-2b1a-4483-ad7b-c1cf22ce5eca"},"oppose":{"__uuid__":"e9def5e4-7522-4539-810b-7a7d25df5dc6"},"v1":{"__uuid__":"b01c5bd7-2be8-4deb-992e-dc5fdd08f29e"},"v_anim1":{"__uuid__":"334aec99-42b1-47e2-a2c2-010f0f918526"},"recorder":{"__uuid__":"8a9937f3-7890-4a36-a079-958057717160"},"huBg":{"__uuid__":"414b2037-959e-4fba-b68b-fd95031794c7"},"winner":{"__uuid__":"c12bdc88-2eb0-4130-bf00-a63c321f0212"},"dong":{"__uuid__":"c95c44d3-8f69-43a5-bc81-9573dc0cca12"},"root":{"__uuid__":"2d9880ce-871e-4f7a-8292-cfa9ba028172"},"v5":{"__uuid__":"0e2d93f3-98e1-4b3f-8a31-8b605f6c5e9e"},"oppose2":{"__uuid__":"6f2b7479-8d29-40ea-b1ad-06e26d0ea916"},"v6":{"__uuid__":"bbe44cb7-d6ee-4985-9046-ea1fdd5d88d1"},"chi":{"__uuid__":"026ff0ac-3c5a-4ac8-bc43-e1d879844d98"},"dong-right":{"__uuid__":"21493455-6dd4-4c50-a0cb-8aab4c4384f1"},"sure":{"__uuid__":"44c3f8af-962e-4dfc-9b50-b454b1b06d11"},"v4":{"__uuid__":"b9654b23-0ee4-4708-b852-fef07d9908c7"},"v3":{"__uuid__":"5b0ad222-af09-4711-aae4-6673d5031318"},"adj":{"__uuid__":"9253466d-b5f8-4d44-958e-eef027b211b1"},"v_anim3":{"__uuid__":"a446eb2c-2fb4-4e71-a148-f10b254f45df"},"dong-left":{"__uuid__":"8554e5e9-c471-4f29-9491-ea5c67c6d9f5"},"yyDialog":{"__uuid__":"5455f59c-d10f-43bc-8a3e-283c49d61a96"},"ready":{"__uuid__":"f6c66722-6f99-47d1-9998-e16eaa993c03"},"sure2":{"__uuid__":"f94a640f-760d-4bd4-b3db-0300091b048c"},"backHomeBtn":{"__uuid__":"5e93c807-62e3-4cf5-8a4a-e553effa703a"},"chi2":{"__uuid__":"c26601fe-23da-411f-9360-cc2bc5bb5c58"},"gang":{"__uuid__":"79e228fe-1137-4d59-81e9-2bb4c6e33ece"},"v_anim2":{"__uuid__":"70f9d11d-d9a1-4adb-811e-b22dbe09774c"},"tiemBg":{"__uuid__":"9f0d65ff-19aa-49e2-a07e-7cfccdadda60"},"backHomeBtn2":{"__uuid__":"6fd0228c-510a-4990-8292-ff18e6c221a6"},"continueBtn":{"__uuid__":"f2aa2054-67ca-41e6-bad0-89ed3f3fe403"},"tingNotify1":{"__uuid__":"bb7945db-5e35-4b9b-b8ea-bc26482f6462"},"gang5":{"__uuid__":"611d25ec-5ee7-49f7-8fad-228b3c06874a"},"dialog_loading_bg.9":{"__uuid__":"af205edc-b862-44d2-9ebc-62c181d8fb35"},"guo":{"__uuid__":"34209813-40fd-4157-a6c5-f0ce4fcfbef8"},"guo2":{"__uuid__":"87823d84-dfbf-435a-aafe-ebb66aefa1d5"},"exit2":{"__uuid__":"e295f936-7386-4b21-87e5-1f20a9b979e4"},"continueBtn2":{"__uuid__":"2d4b37bd-b8b9-4ea2-9c68-9b1d448e009e"},"hu":{"__uuid__":"b9a916f0-13e9-4bb0-967e-599e5ca66e03"},"zhuang":{"__uuid__":"f9a56d5c-a240-48b6-8090-231b2ce9bb6f"},"v2":{"__uuid__":"b1a12cc8-7716-4a4b-864b-34c951de9c4f"},"hu2":{"__uuid__":"33b00049-cd3c-4bae-a854-519cb4d49b9b"},"gang2":{"__uuid__":"755cfe6b-87c8-4b41-819d-9452e4645ab2"},"shareBtn":{"__uuid__":"f2ca3fab-e962-4340-be1e-76e959b7d07f"},"shareBtn2":{"__uuid__":"1f02c94b-1fef-4000-a53b-b33ff9fd9648"},"jiang":{"__uuid__":"7627486e-3dc1-45cf-80ba-12e797457dc2"},"jiang2":{"__uuid__":"49da77f4-e273-4922-9159-ef6326458bbd"},"kan":{"__uuid__":"71f3c2be-636c-44b4-b374-dc3471d6fdd0"},"headBg":{"__uuid__":"922869d6-0e03-4278-8301-1bb88d7edf8f"},"offline":{"__uuid__":"32f9c1ac-c5e1-47d7-92de-df79e0121e0a"},"kan2":{"__uuid__":"77baab31-045e-4775-8e55-044c31525701"},"defaultHead":{"__uuid__":"b27f04c1-9f4c-4a4b-a8fa-f33079d06190"},"piao":{"__uuid__":"c0af418c-202c-4310-a33f-3714c134db8e"},"piao2":{"__uuid__":"9fb129e1-b36e-47e1-beed-defb896284cb"},"exit":{"__uuid__":"360a5784-815f-4c0b-9a40-74c8b3557bff"},"niu":{"__uuid__":"f9ec63ff-a9b6-4586-add3-7f423e5ffe0c"},"xi":{"__uuid__":"447f63a5-6c90-47f7-87c3-77168d3ff9c4"},"ting":{"__uuid__":"b66c8085-1ef1-47aa-8300-52ba146eea75"},"ting2":{"__uuid__":"8140a095-c385-4abf-8a60-a58d01c666b2"},"niu2":{"__uuid__":"75b45a81-d397-4a09-8689-496a40020bbf"},"headIcon":{"__uuid__":"88695f38-6ce8-4548-b84a-6e1ebefd9841"},"peng":{"__uuid__":"1a5f1f3e-2ecb-4144-84e7-064e470ec673"},"peng2":{"__uuid__":"3f512ce9-234d-4778-9b33-2db829e9ef42"},"zha":{"__uuid__":"9355814a-0f1d-49ad-b443-22dc1b99da07"},"xi2":{"__uuid__":"6ab2b0cf-647b-4da9-862f-ce0d7387ae8b"},"zha2":{"__uuid__":"d43ed85f-f3d3-4aaa-a473-46683e6de091"},"yuyin_bg":{"__uuid__":"1d8ab65a-ce77-4ca6-8be5-acbca3a1b0fb"},"chat":{"__uuid__":"629980b8-9cce-4853-b07e-013f7e7ee309"},"chat2":{"__uuid__":"c786f51b-beed-4036-bbd0-d9f0536b9138"},"setting":{"__uuid__":"c88e38c8-6f07-4701-a9e7-535d09546aa2"},"setting2":{"__uuid__":"e777b444-0033-41af-9cfb-9faa64c34df2"},"voice":{"__uuid__":"3f878b67-cb5d-4509-9d02-7de7eafd09bd"},"voice2":{"__uuid__":"99c7da7e-02eb-497f-9a43-0fc638fb4a8e"},"headFrame":{"__uuid__":"6d3a23f7-33a7-4f2d-94e7-35c4cdde5d66"}}}