{"__type__":"cc.SpriteAtlas","_spriteFrames":{"noticeBg":{"__uuid__":"1eb6b0de-fe8a-436d-8c5a-a082e23286bf"},"title1":{"__uuid__":"821c1bd6-4914-42d0-ad17-f34fdf6de927"},"inputBg":{"__uuid__":"eacb3253-ad6e-4501-a856-9aaac5829a0f"},"createBtn":{"__uuid__":"07f98d2e-8803-47e9-846e-862b8f720823"},"createRoomBtn":{"__uuid__":"03c5bbaf-1ddc-4173-b7c8-59c59e395e8d"},"logo":{"__uuid__":"012bc8f7-7949-4df3-9058-66c4495ef724"},"joinBtn":{"__uuid__":"80903c4d-ebc4-4ac2-aff3-ca814d98fe07"},"createRoomBtn2":{"__uuid__":"25c7bc4e-d4c9-43fd-99f6-3ae0c4085d67"},"sureBtn":{"__uuid__":"6945799d-0e6d-4687-ba99-e7b03ea651a9"},"chahuBtn":{"__uuid__":"2b4e42e6-9e67-42a0-b201-835462ef4173"},"frame0":{"__uuid__":"edfcaef8-869f-41bf-a8a7-06759bb16923"},"createBtn2":{"__uuid__":"05edbdc6-1ee7-4f28-864c-42505feab86d"},"history":{"__uuid__":"b4474f0a-0466-44de-a37e-a278984d4460"},"joinBtn2":{"__uuid__":"afc2b797-c9f2-4c7e-b4af-02a3d9300f9f"},"frame4":{"__uuid__":"4937e82b-08e5-4401-9e76-b6a38eb4e783"},"frame2":{"__uuid__":"73d2afe4-bff1-4441-8136-4589b37e85fa"},"rule":{"__uuid__":"010f1b0e-ac83-4ff1-948b-23551c9aab81"},"selectArrow":{"__uuid__":"7c025e95-e6ba-44ed-a164-ecb4b122734b"},"clearBtn":{"__uuid__":"93ca3a71-7dbb-4b1a-a6d8-5e54e1730d7e"},"sureBtn2":{"__uuid__":"5e048f1d-fe1d-4398-a488-cf3f09ea35a0"},"progressBarBg":{"__uuid__":"715d812e-1f58-4384-8f84-b29196b6f039"},"frame3":{"__uuid__":"5c5fa31e-e8a2-47e9-b937-3e44a4406ccc"},"frame1":{"__uuid__":"34248126-fb77-413b-8085-d0363c0ad8b6"},"frameBottom":{"__uuid__":"be8d4ad6-58e3-47d6-805a-1ffdbccb7f22"},"createRoom":{"__uuid__":"696801fc-8ab0-411a-8c3a-fcccd2e69dfe"},"progressBar":{"__uuid__":"17ccb56c-c2f2-4a4d-8ffd-ea07323984ad"},"moneyBg":{"__uuid__":"c19d05e2-b4da-4315-8b41-bda2e08cf9c9"},"setting":{"__uuid__":"d00e9217-bc94-4838-8541-3490da54b521"},"sliderHandle":{"__uuid__":"aca52f3d-ca24-4915-8174-1c58e01b7f5b"},"noticeIcon":{"__uuid__":"378107ac-7de2-4284-9d45-823e9318f6c8"},"share":{"__uuid__":"4ac2159f-d5a7-4767-bcc5-d943a65fdb6a"},"history2":{"__uuid__":"1bfda2f0-fa43-4a17-9eba-a07de705af37"},"toggleSelect":{"__uuid__":"8a0c2159-28ae-4a37-ae92-195bd2d94ce8"},"enterRoom":{"__uuid__":"226619ea-6ed2-4fc3-a227-39f8d068f192"},"delBtn":{"__uuid__":"945a5b29-154e-4294-a58d-3ab4a98d76a6"},"num0Btn":{"__uuid__":"1c3517af-e9a3-47c8-a989-4962a852bf1c"},"num1Btn":{"__uuid__":"195a5559-3623-404c-b708-bd828465cd78"},"rule2":{"__uuid__":"16cf7bba-04dc-4ce8-adea-9ec20d927ecc"},"setting2":{"__uuid__":"973844fe-bf27-4c89-911e-4834add14581"},"share2":{"__uuid__":"aa7bbcd6-3414-4eb5-80ef-29aa55b1c49d"},"add":{"__uuid__":"a5c17315-e970-4919-a588-56231ace545c"},"roomCard":{"__uuid__":"c649b487-742a-4d15-a64b-fbc06be81d7e"},"clearBtn2":{"__uuid__":"d70e60e0-feb6-4e6f-ae61-44994e8d0f16"},"close":{"__uuid__":"fce19c68-d057-471d-a6e6-87a6b0c4a0f0"},"close2":{"__uuid__":"b870dd74-4222-4646-8ae4-1beb980247cc"},"toggle":{"__uuid__":"d68a09e8-b9ae-4522-9b45-9c5734044cf9"},"num0Btn2":{"__uuid__":"1a9b2fa7-ac26-4669-8c96-555e94932f2f"},"num2Btn":{"__uuid__":"946787c8-8b85-48e2-bef8-83334b045003"},"num3Btn":{"__uuid__":"b2ebb78d-6880-4d6d-ae26-6d11bfd3e87e"},"toggleBg":{"__uuid__":"fb92abbe-0b8e-457b-a481-c0fd6f79df9c"},"num4Btn":{"__uuid__":"11558912-3e84-46ac-b446-622d15210a7d"},"num1Btn2":{"__uuid__":"c7e00645-190a-4098-8ae5-0b7ad345792d"},"num5Btn":{"__uuid__":"9f71f1c6-5ab6-4ca9-88ce-2aa2c392b918"},"num6Btn":{"__uuid__":"3a70b648-675c-4323-967c-7d010755523e"},"num2Btn2":{"__uuid__":"ba1bb286-ba47-4d72-8082-fec247585e42"},"num7Btn":{"__uuid__":"23c90493-1c11-424e-ba37-cee414c9e380"},"num8Btn":{"__uuid__":"be4241af-0d3a-4d43-8b94-82cf85eb56c5"},"num9Btn":{"__uuid__":"6b1204f9-4f2d-4521-8b9c-3e3a9a649138"},"num3Btn2":{"__uuid__":"f2e712c3-1a32-4297-b278-3271e3ee6450"},"num4Btn2":{"__uuid__":"d6bdd0ed-34fa-45b8-ad50-cb58da5a17f0"},"num5Btn2":{"__uuid__":"4ddfbec2-96b8-4ad0-bea0-8a64f6565cf2"},"num6Btn2":{"__uuid__":"3a341788-a4d8-4289-a7d0-870021c378c1"},"num7Btn2":{"__uuid__":"a0e57585-ed80-44c8-bbb3-148fdb3014b5"},"num8Btn2":{"__uuid__":"5ab1b428-e6e0-43ea-b1ec-f905068815a2"},"num9Btn2":{"__uuid__":"42349148-8b1d-45cc-bbe8-4e78dc7359ab"}}}