[{"__type__":"cc.SpriteFrame","content":{"name":"rule","texture":"17dd9802a","rect":[80,931,73,90],"offset":[-0.5,0],"originalSize":[78,90]}},{"__type__":"cc.SpriteFrame","content":{"name":"logo","texture":"17dd9802a","rect":[382,51,245,84],"offset":[0.5,3],"originalSize":[246,114],"rotated":1}},{"__type__":"cc.SpriteFrame","content":{"name":"createRoomBtn","texture":"17dd9802a","rect":[944,2,156,62],"offset":[0,0],"originalSize":[156,62],"rotated":1}},{"__type__":"cc.SpriteFrame","content":{"name":"createBtn2","texture":"17dd9802a","rect":[316,422,300,301],"offset":[0,0.5],"originalSize":[310,310]}},{"__type__":"cc.SpriteFrame","content":{"name":"createBtn","texture":"17dd9802a","rect":[2,103,310,310],"offset":[0,0],"originalSize":[310,310]}},{"__type__":"cc.SpriteFrame","content":{"name":"num4Btn","texture":"17dd9802a","rect":[620,576,106,62],"offset":[0,0],"originalSize":[106,62]}},{"__type__":"cc.SpriteFrame","content":{"name":"rule2","texture":"17dd9802a","rect":[381,927,70,86],"offset":[0,1],"originalSize":[78,90]}},{"__type__":"cc.SpriteFrame","content":{"name":"progressBar","texture":"17dd9802a","rect":[620,398,295,26],"offset":[0,0],"originalSize":[295,26],"capInsets":[12,0,12,0]}},{"__type__":"cc.SpriteFrame","content":{"name":"num1Btn","texture":"17dd9802a","rect":[934,335,106,62],"offset":[0,0],"originalSize":[106,62],"rotated":1}},{"__type__":"cc.SpriteFrame","content":{"name":"num0Btn2","texture":"17dd9802a","rect":[881,445,106,61],"offset":[0,-0.5],"originalSize":[106,62]}},{"__type__":"cc.SpriteFrame","content":{"name":"history2","texture":"17dd9802a","rect":[516,727,71,86],"offset":[-1.5,1],"originalSize":[78,90]}},{"__type__":"cc.SpriteFrame","content":{"name":"num0Btn","texture":"17dd9802a","rect":[189,935,106,62],"offset":[0,0],"originalSize":[106,62]}},{"__type__":"cc.SpriteFrame","content":{"name":"noticeBg","texture":"17dd9802a","rect":[2,2,620,45],"offset":[3,0.5],"originalSize":[700,46]}},{"__type__":"cc.SpriteFrame","content":{"name":"enterRoom","texture":"17dd9802a","rect":[620,428,147,41],"offset":[-0.5,0.5],"originalSize":[148,42]}},{"__type__":"cc.SpriteFrame","content":{"name":"num7Btn","texture":"17dd9802a","rect":[643,882,106,62],"offset":[0,0],"originalSize":[106,62]}},{"__type__":"cc.SpriteFrame","content":{"name":"createRoomBtn2","texture":"17dd9802a","rect":[316,103,156,62],"offset":[0,0],"originalSize":[156,62],"rotated":1}},{"__type__":"cc.SpriteFrame","content":{"name":"chahuBtn","texture":"17dd9802a","rect":[470,51,214,81],"offset":[0,-0.5],"originalSize":[214,82],"rotated":1}},{"__type__":"cc.SpriteFrame","content":{"name":"bg","texture":"a3a321c3-f418-4bf1-a005-567c30232ee4","rect":[0,0,1136,640],"offset":[0,0],"originalSize":[1136,640]}},{"__type__":"cc.SpriteFrame","content":{"name":"frame1","texture":"17dd9802a","rect":[418,727,94,95],"offset":[-1,0.5],"originalSize":[100,100],"capInsets":[24,24,24,24]}},{"__type__":"cc.SpriteFrame","content":{"name":"noticeIcon","texture":"17dd9802a","rect":[157,931,48,28],"offset":[0,0],"originalSize":[50,50],"rotated":1}},{"__type__":"cc.SpriteFrame","content":{"name":"num6Btn2","texture":"17dd9802a","rect":[840,575,106,61],"offset":[0,-0.5],"originalSize":[106,62]}},{"__type__":"cc.SpriteFrame","content":{"name":"num6Btn","texture":"17dd9802a","rect":[620,642,106,62],"offset":[0,0],"originalSize":[106,62]}},{"__type__":"cc.SpriteFrame","content":{"name":"num9Btn2","texture":"17dd9802a","rect":[950,510,106,61],"offset":[0,-0.5],"originalSize":[106,62],"rotated":1}},{"__type__":"cc.SpriteFrame","content":{"name":"toggleBg2","texture":"17dd9802a","rect":[964,222,35,35],"offset":[0.5,-0.5],"originalSize":[36,36]}},{"__type__":"cc.SpriteFrame","content":{"name":"share","texture":"17dd9802a","rect":[418,826,73,89],"offset":[-0.5,0.5],"originalSize":[78,90]}},{"__type__":"cc.SpriteFrame","content":{"name":"num5Btn2","texture":"17dd9802a","rect":[751,774,106,61],"offset":[0,-0.5],"originalSize":[106,62]}},{"__type__":"cc.SpriteFrame","content":{"name":"title","texture":"4d12c621-5e1c-4a49-a712-d3c7e08e44b0","rect":[0,0,1136,111],"offset":[0,1.5],"originalSize":[1136,114]}},{"__type__":"cc.SpriteFrame","content":{"name":"num8Btn2","texture":"17dd9802a","rect":[840,640,106,61],"offset":[0,-0.5],"originalSize":[106,62]}},{"__type__":"cc.SpriteFrame","content":{"name":"default_scrollbar_vertical","texture":"d6d3ca85-4681-47c1-b5dd-d036a9d39ea2","rect":[2,0,11,30],"offset":[0,0],"originalSize":[15,30],"capInsets":[0,5,0,5]}},{"__type__":"cc.SpriteFrame","content":{"name":"frame3","texture":"17dd9802a","rect":[204,835,96,96],"offset":[0,0],"originalSize":[100,100],"capInsets":[24,24,24,24]}},{"__type__":"cc.SpriteFrame","content":{"name":"sureBtn2","texture":"17dd9802a","rect":[859,68,155,62],"offset":[-0.5,0],"originalSize":[156,62],"rotated":1}},{"__type__":"cc.SpriteFrame","content":{"name":"default_scrollbar_vertical_bg","texture":"617323dd-11f4-4dd3-8eec-0caf6b3b45b9","rect":[0,0,15,30],"offset":[0,0],"originalSize":[15,30],"capInsets":[0,7,0,8]}},{"__type__":"cc.SpriteFrame","content":{"name":"sureBtn","texture":"17dd9802a","rect":[316,263,155,62],"offset":[-0.5,0],"originalSize":[156,62],"rotated":1}},{"__type__":"cc.SpriteFrame","content":{"name":"createRoom","texture":"17dd9802a","rect":[492,269,148,41],"offset":[0,0.5],"originalSize":[148,42],"rotated":1}},{"__type__":"cc.SpriteFrame","content":{"name":"num9Btn","texture":"17dd9802a","rect":[665,708,106,62],"offset":[0,0],"originalSize":[106,62]}},{"__type__":"cc.SpriteFrame","content":{"name":"headFrame","texture":"1cda9c8b3","rect":[280,620,68,68],"offset":[0,0],"originalSize":[68,68]}},{"__type__":"cc.SpriteFrame","content":{"name":"progressBarBg","texture":"17dd9802a","rect":[620,371,310,23],"offset":[0,0.5],"originalSize":[310,24]}},{"__type__":"cc.SpriteFrame","content":{"name":"frame2","texture":"17dd9802a","rect":[316,727,98,98],"offset":[0,0],"originalSize":[100,100],"capInsets":[24,24,24,24]}},{"__type__":"cc.SpriteFrame","content":{"name":"selectArrow","texture":"17dd9802a","rect":[382,371,19,46],"offset":[0.5,0],"originalSize":[20,46]}},{"__type__":"cc.SpriteFrame","content":{"name":"joinBtn","texture":"17dd9802a","rect":[2,417,310,310],"offset":[0,0],"originalSize":[310,310]}},{"__type__":"cc.SpriteFrame","content":{"name":"title1","texture":"17dd9802a","rect":[2,51,376,48],"offset":[0,0],"originalSize":[376,48]}},{"__type__":"cc.SpriteFrame","content":{"name":"headIcon","texture":"1cda9c8b3","rect":[96,821,62,62],"offset":[0,0],"originalSize":[62,62]}},{"__type__":"cc.SpriteFrame","content":{"name":"toggleSelect","texture":"17dd9802a","rect":[405,366,38,40],"offset":[0,0],"originalSize":[38,40]}},{"__type__":"cc.SpriteFrame","content":{"name":"clearBtn","texture":"17dd9802a","rect":[382,300,106,62],"offset":[0,0],"originalSize":[106,62]}},{"__type__":"cc.SpriteFrame","content":{"name":"delBtn","texture":"17dd9802a","rect":[859,227,106,62],"offset":[0,0],"originalSize":[106,62],"rotated":1}},{"__type__":"cc.SpriteFrame","content":{"name":"num2Btn","texture":"17dd9802a","rect":[620,510,106,62],"offset":[0,0],"originalSize":[106,62]}},[{"__type__":"cc.SceneAsset","_name":"home","scene":{"__id__":1},"asyncLoadAssets":false},{"__type__":"cc.Scene","_anchorPoint":{"__type__":"cc.Vec2"},"_children":[{"__id__":2},{"__id__":3}],"autoReleaseAssets":false},{"__type__":"cc.Node","_name":"GameEvent","_parent":{"__id__":1},"_position":{"__type__":"cc.Vec2","x":568,"y":320},"_id":"ce7d99r911OYYqonY2Bc1JG","_components":[{"__type__":"ead453VPa5BvYmAUE7L3W/T","node":{"__id__":2}}],"_prefab":{"__type__":"cc.PrefabInfo","root":{"__id__":2},"fileId":"024da98GgRJcZ1o38LdU4d1"}},{"__type__":"cc.Node","_name":"Canvas","_parent":{"__id__":1},"_contentSize":{"__type__":"cc.Size","width":1136,"height":640},"_children":[{"__id__":4},{"__id__":5},{"__id__":7},{"__id__":16},{"__id__":18},{"__id__":20},{"__id__":24},{"__id__":26},{"__id__":28},{"__id__":33},{"__id__":36},{"__id__":98},{"__id__":125}],"_position":{"__type__":"cc.Vec2","x":568,"y":320},"_id":"9f637deR7JJq7wRfmb9BS75","_components":[{"__type__":"cc.Canvas","node":{"__id__":3},"_designResolution":{"__type__":"cc.Size","width":1136,"height":640}},{"__type__":"c7596Jr6JNNV6QkfaISKL4Y","node":{"__id__":3},"creatRoomPanel":{"__id__":36},"joinRoomPanel":{"__id__":98},"createRoomBtn":{"__id__":17},"joinRoomBtn":{"__id__":19},"descPanel":{"__id__":125},"shareBtn":{"__id__":15},"ruleBtn":{"__id__":13},"historyBtn":{"__id__":11},"settingBtn":{"__id__":9},"notifyLayer":{"__id__":33},"moneyLayer":{"__id__":28},"nameLable":{"__id__":25},"idLabel":{"__id__":27},"cardLabel":{"__id__":30},"headSprite":{"__id__":23}}]},{"__type__":"cc.Node","_name":"bg","_parent":{"__id__":3},"_contentSize":{"__type__":"cc.Size","width":1136,"height":640},"_components":[{"__type__":"cc.Sprite","node":{"__id__":4},"_spriteFrame":{"__uuid__":"2ed23827-c521-4e34-a365-90b597b3b39e"}}]},{"__type__":"cc.Node","_name":"title","_parent":{"__id__":3},"_anchorPoint":{"__type__":"cc.Vec2","x":0.5,"y":1},"_contentSize":{"__type__":"cc.Size","width":1136,"height":111},"_children":[{"__id__":6}],"_position":{"__type__":"cc.Vec2","y":320},"_components":[{"__type__":"cc.Sprite","node":{"__id__":5},"_spriteFrame":{"__uuid__":"551a8431-7b25-47e0-9b83-16bb596865a3"}},{"__type__":"cc.Widget","node":{"__id__":5},"_alignFlags":1}]},{"__type__":"cc.Node","_name":"logo","_parent":{"__id__":5},"_contentSize":{"__type__":"cc.Size","width":245,"height":84},"_position":{"__type__":"cc.Vec2","y":-50},"_components":[{"__type__":"cc.Sprite","node":{"__id__":6},"_spriteFrame":{"__uuid__":"012bc8f7-7949-4df3-9058-66c4495ef724"}}]},{"__type__":"cc.Node","_name":"buttons","_parent":{"__id__":3},"_anchorPoint":{"__type__":"cc.Vec2","x":1,"y":0.5},"_contentSize":{"__type__":"cc.Size","width":-6,"height":80},"_children":[{"__id__":8},{"__id__":10},{"__id__":12},{"__id__":14}],"_position":{"__type__":"cc.Vec2","x":520,"y":264},"_components":[{"__type__":"cc.Layout","node":{"__id__":7},"_layoutSize":{"__type__":"cc.Size","width":-6,"height":80},"_resize":1,"_N$layoutType":1,"_N$spacingX":6,"_N$horizontalDirection":1},{"__type__":"cc.Widget","node":{"__id__":7},"_alignFlags":32,"_right":48}]},{"__type__":"cc.Node","_name":"settingBtn","_parent":{"__id__":7},"_contentSize":{"__type__":"cc.Size","width":73,"height":90},"_position":{"__type__":"cc.Vec2","x":-36.5},"_active":false,"_components":[{"__type__":"cc.Sprite","node":{"__id__":8},"_spriteFrame":{"__uuid__":"d00e9217-bc94-4838-8541-3490da54b521"},"_type":1,"_sizeMode":0},{"__id__":9},{"__type__":"75ab2NzszVJfrt4+z6hBKqE","node":{"__id__":8}}]},{"__type__":"cc.Button","node":{"__id__":8},"transition":2,"pressedColor":{"__type__":"cc.Color","r":255,"g":255,"b":255},"pressedSprite":{"__uuid__":"973844fe-bf27-4c89-911e-4834add14581"},"hoverSprite":{"__uuid__":"d00e9217-bc94-4838-8541-3490da54b521"},"clickEvents":[{"__type__":"cc.ClickEvent","target":{"__id__":3},"component":"home","handler":"OnSetting"}],"_N$normalColor":{"__type__":"cc.Color","r":255,"g":255,"b":255},"_N$disabledColor":{"__type__":"cc.Color","r":255,"g":255,"b":255},"_N$normalSprite":{"__uuid__":"d00e9217-bc94-4838-8541-3490da54b521"},"_N$disabledSprite":{"__uuid__":"973844fe-bf27-4c89-911e-4834add14581"},"_N$target":{"__id__":8}},{"__type__":"cc.Node","_name":"historyBtn","_parent":{"__id__":7},"_contentSize":{"__type__":"cc.Size","width":74,"height":90},"_position":{"__type__":"cc.Vec2","x":-37},"_active":false,"_components":[{"__type__":"cc.Sprite","node":{"__id__":10},"_spriteFrame":{"__uuid__":"b4474f0a-0466-44de-a37e-a278984d4460"},"_type":1,"_sizeMode":0},{"__id__":11},{"__type__":"75ab2NzszVJfrt4+z6hBKqE","node":{"__id__":10}}]},{"__type__":"cc.Button","node":{"__id__":10},"transition":2,"pressedColor":{"__type__":"cc.Color","r":255,"g":255,"b":255},"pressedSprite":{"__uuid__":"1bfda2f0-fa43-4a17-9eba-a07de705af37"},"hoverSprite":{"__uuid__":"b4474f0a-0466-44de-a37e-a278984d4460"},"clickEvents":[{"__type__":"cc.ClickEvent","target":{"__id__":3},"component":"home","handler":"OnHistory"}],"_N$normalColor":{"__type__":"cc.Color","r":255,"g":255,"b":255},"_N$disabledColor":{"__type__":"cc.Color","r":255,"g":255,"b":255},"_N$normalSprite":{"__uuid__":"b4474f0a-0466-44de-a37e-a278984d4460"},"_N$disabledSprite":{"__uuid__":"1bfda2f0-fa43-4a17-9eba-a07de705af37"},"_N$target":{"__id__":10}},{"__type__":"cc.Node","_name":"ruleBtn","_parent":{"__id__":7},"_contentSize":{"__type__":"cc.Size","width":73,"height":90},"_position":{"__type__":"cc.Vec2","x":-36.5},"_active":false,"_components":[{"__type__":"cc.Sprite","node":{"__id__":12},"_spriteFrame":{"__uuid__":"010f1b0e-ac83-4ff1-948b-23551c9aab81"},"_type":1,"_sizeMode":0},{"__id__":13},{"__type__":"75ab2NzszVJfrt4+z6hBKqE","node":{"__id__":12}}]},{"__type__":"cc.Button","node":{"__id__":12},"transition":2,"pressedColor":{"__type__":"cc.Color","r":255,"g":255,"b":255},"pressedSprite":{"__uuid__":"16cf7bba-04dc-4ce8-adea-9ec20d927ecc"},"hoverSprite":{"__uuid__":"010f1b0e-ac83-4ff1-948b-23551c9aab81"},"clickEvents":[{"__type__":"cc.ClickEvent","target":{"__id__":3},"component":"home","handler":"OnRuleDesc"}],"_N$normalColor":{"__type__":"cc.Color","r":255,"g":255,"b":255},"_N$disabledColor":{"__type__":"cc.Color","r":255,"g":255,"b":255},"_N$normalSprite":{"__uuid__":"010f1b0e-ac83-4ff1-948b-23551c9aab81"},"_N$disabledSprite":{"__uuid__":"16cf7bba-04dc-4ce8-adea-9ec20d927ecc"},"_N$target":{"__id__":12}},{"__type__":"cc.Node","_name":"shareBtn","_parent":{"__id__":7},"_contentSize":{"__type__":"cc.Size","width":73,"height":89},"_position":{"__type__":"cc.Vec2","x":-36.5},"_active":false,"_components":[{"__type__":"cc.Sprite","node":{"__id__":14},"_spriteFrame":{"__uuid__":"4ac2159f-d5a7-4767-bcc5-d943a65fdb6a"},"_type":1,"_sizeMode":0},{"__id__":15},{"__type__":"75ab2NzszVJfrt4+z6hBKqE","node":{"__id__":14}}]},{"__type__":"cc.Button","node":{"__id__":14},"transition":2,"pressedColor":{"__type__":"cc.Color","r":255,"g":255,"b":255},"pressedSprite":{"__uuid__":"aa7bbcd6-3414-4eb5-80ef-29aa55b1c49d"},"hoverSprite":{"__uuid__":"4ac2159f-d5a7-4767-bcc5-d943a65fdb6a"},"clickEvents":[{"__type__":"cc.ClickEvent","target":{"__id__":3},"component":"home","handler":"OnShare"}],"_N$normalColor":{"__type__":"cc.Color","r":255,"g":255,"b":255},"_N$disabledColor":{"__type__":"cc.Color","r":255,"g":255,"b":255},"_N$normalSprite":{"__uuid__":"4ac2159f-d5a7-4767-bcc5-d943a65fdb6a"},"_N$disabledSprite":{"__uuid__":"aa7bbcd6-3414-4eb5-80ef-29aa55b1c49d"},"_N$target":{"__id__":14}},{"__type__":"cc.Node","_name":"createBtn","_parent":{"__id__":3},"_contentSize":{"__type__":"cc.Size","width":310,"height":310},"_position":{"__type__":"cc.Vec2","x":-273,"y":-80},"_components":[{"__type__":"cc.Sprite","node":{"__id__":16},"_spriteFrame":{"__uuid__":"07f98d2e-8803-47e9-846e-862b8f720823"},"_type":1},{"__id__":17},{"__type__":"ff0cdnJdoZK+oIJBxXGa/53","node":{"__id__":16}}]},{"__type__":"cc.Button","node":{"__id__":16},"transition":2,"pressedColor":{"__type__":"cc.Color","r":255,"g":255,"b":255},"pressedSprite":{"__uuid__":"05edbdc6-1ee7-4f28-864c-42505feab86d"},"hoverSprite":{"__uuid__":"07f98d2e-8803-47e9-846e-862b8f720823"},"_N$normalColor":{"__type__":"cc.Color","r":255,"g":255,"b":255},"_N$disabledColor":{"__type__":"cc.Color","r":255,"g":255,"b":255},"_N$normalSprite":{"__uuid__":"07f98d2e-8803-47e9-846e-862b8f720823"},"_N$disabledSprite":{"__uuid__":"05edbdc6-1ee7-4f28-864c-42505feab86d"},"_N$target":{"__id__":16}},{"__type__":"cc.Node","_name":"joinBtn","_parent":{"__id__":3},"_contentSize":{"__type__":"cc.Size","width":310,"height":310},"_position":{"__type__":"cc.Vec2","x":273,"y":-80},"_components":[{"__type__":"cc.Sprite","node":{"__id__":18},"_spriteFrame":{"__uuid__":"80903c4d-ebc4-4ac2-aff3-ca814d98fe07"},"_type":1},{"__id__":19},{"__type__":"ff0cdnJdoZK+oIJBxXGa/53","node":{"__id__":18}}]},{"__type__":"cc.Button","node":{"__id__":18},"transition":2,"pressedColor":{"__type__":"cc.Color","r":255,"g":255,"b":255},"pressedSprite":{"__uuid__":"afc2b797-c9f2-4c7e-b4af-02a3d9300f9f"},"hoverSprite":{"__uuid__":"80903c4d-ebc4-4ac2-aff3-ca814d98fe07"},"_N$normalColor":{"__type__":"cc.Color","r":255,"g":255,"b":255},"_N$disabledColor":{"__type__":"cc.Color","r":255,"g":255,"b":255},"_N$normalSprite":{"__uuid__":"80903c4d-ebc4-4ac2-aff3-ca814d98fe07"},"_N$disabledSprite":{"__uuid__":"afc2b797-c9f2-4c7e-b4af-02a3d9300f9f"},"_N$target":{"__id__":18}},{"__type__":"cc.Node","_name":"head","_parent":{"__id__":3},"_children":[{"__id__":21},{"__id__":22}],"_position":{"__type__":"cc.Vec2","x":-470,"y":255.7},"_components":[{"__type__":"cc.Widget","node":{"__id__":20},"_alignFlags":8,"_left":98}],"_prefab":{"__type__":"cc.PrefabInfo","root":{"__id__":20},"fileId":"ae262HI3BlIQKBp9IUYg/He"}},{"__type__":"cc.Node","_name":"headFrame","_parent":{"__id__":20},"_contentSize":{"__type__":"cc.Size","width":68,"height":68},"_position":{"__type__":"cc.Vec2","y":9.9},"_components":[{"__type__":"cc.Sprite","node":{"__id__":21},"_spriteFrame":{"__uuid__":"6d3a23f7-33a7-4f2d-94e7-35c4cdde5d66"}}],"_prefab":{"__type__":"cc.PrefabInfo","root":{"__id__":20},"fileId":"2a588aMjEhFHpPmfC1mrW0S"}},{"__type__":"cc.Node","_name":"headIcon","_parent":{"__id__":20},"_contentSize":{"__type__":"cc.Size","width":62,"height":62},"_position":{"__type__":"cc.Vec2","y":10},"_components":[{"__id__":23}],"_prefab":{"__type__":"cc.PrefabInfo","root":{"__id__":20},"fileId":"f656e7pqQVNSosZN8W7ptgi"}},{"__type__":"cc.Sprite","node":{"__id__":22},"_spriteFrame":{"__uuid__":"88695f38-6ce8-4548-b84a-6e1ebefd9841"},"_sizeMode":0},{"__type__":"cc.Node","_name":"nameLabel","_parent":{"__id__":3},"_anchorPoint":{"__type__":"cc.Vec2","y":0.5},"_contentSize":{"__type__":"cc.Size","width":172,"height":30},"_position":{"__type__":"cc.Vec2","x":-410,"y":298},"_components":[{"__id__":25},{"__type__":"cc.LabelOutline","node":{"__id__":24},"_color":{"__type__":"cc.Color","r":51,"g":51,"b":51},"_width":2},{"__type__":"cc.Widget","node":{"__id__":24},"_alignFlags":8,"_left":158}]},{"__type__":"cc.Label","node":{"__id__":24},"_useOriginalSize":false,"_actualFontSize":24,"_fontSize":24,"_lineHeight":30,"_N$string":"玩家的名字这样","_N$horizontalAlign":1,"_N$verticalAlign":1},{"__type__":"cc.Node","_name":"idLabel","_parent":{"__id__":3},"_anchorPoint":{"__type__":"cc.Vec2","y":0.5},"_contentSize":{"__type__":"cc.Size","width":121.42,"height":30},"_position":{"__type__":"cc.Vec2","x":-410,"y":272},"_components":[{"__id__":27},{"__type__":"cc.LabelOutline","node":{"__id__":26},"_color":{"__type__":"cc.Color","r":51,"g":51,"b":51},"_width":2},{"__type__":"cc.Widget","node":{"__id__":26},"_alignFlags":8,"_left":158}]},{"__type__":"cc.Label","node":{"__id__":26},"_useOriginalSize":false,"_actualFontSize":24,"_fontSize":24,"_lineHeight":30,"_N$string":"ID: 222222","_N$horizontalAlign":1,"_N$verticalAlign":1},{"__type__":"cc.Node","_name":"moneyBg","_parent":{"__id__":3},"_contentSize":{"__type__":"cc.Size","width":169,"height":35},"_children":[{"__id__":29},{"__id__":31},{"__id__":32}],"_position":{"__type__":"cc.Vec2","x":-330,"y":240},"_active":false,"_components":[{"__type__":"cc.Sprite","node":{"__id__":28},"_spriteFrame":{"__uuid__":"c19d05e2-b4da-4315-8b41-bda2e08cf9c9"}},{"__type__":"cc.Widget","node":{"__id__":28},"_alignFlags":8,"_left":153.5}]},{"__type__":"cc.Node","_name":"cardLabel","_parent":{"__id__":28},"_anchorPoint":{"__type__":"cc.Vec2","x":1,"y":0.5},"_contentSize":{"__type__":"cc.Size","width":66.74,"height":34},"_position":{"__type__":"cc.Vec2","x":48.4,"y":-0.4},"_components":[{"__id__":30}]},{"__type__":"cc.Label","node":{"__id__":29},"_useOriginalSize":false,"_actualFontSize":30,"_fontSize":30,"_lineHeight":34,"_N$string":"9999","_N$horizontalAlign":1,"_N$verticalAlign":1},{"__type__":"cc.Node","_name":"addCard","_parent":{"__id__":28},"_contentSize":{"__type__":"cc.Size","width":40,"height":39},"_position":{"__type__":"cc.Vec2","x":73.4,"y":0.6},"_components":[{"__type__":"cc.Sprite","node":{"__id__":31},"_spriteFrame":{"__uuid__":"a5c17315-e970-4919-a588-56231ace545c"},"_type":1},{"__type__":"cc.Button","node":{"__id__":31},"transition":2,"pressedColor":{"__type__":"cc.Color","r":255,"g":255,"b":255},"pressedSprite":{"__uuid__":"a5c17315-e970-4919-a588-56231ace545c"},"hoverSprite":{"__uuid__":"a5c17315-e970-4919-a588-56231ace545c"},"clickEvents":[{"__type__":"cc.ClickEvent","target":{"__id__":3},"component":"home","handler":"OnAddGold"}],"_N$normalColor":{"__type__":"cc.Color","r":255,"g":255,"b":255},"_N$disabledColor":{"__type__":"cc.Color","r":255,"g":255,"b":255},"_N$normalSprite":{"__uuid__":"a5c17315-e970-4919-a588-56231ace545c"},"_N$disabledSprite":{"__uuid__":"a5c17315-e970-4919-a588-56231ace545c"},"_N$target":{"__id__":31}},{"__type__":"75ab2NzszVJfrt4+z6hBKqE","node":{"__id__":31}}]},{"__type__":"cc.Node","_name":"roomCard","_parent":{"__id__":28},"_contentSize":{"__type__":"cc.Size","width":56,"height":56},"_scaleX":0.8,"_scaleY":0.8,"_position":{"__type__":"cc.Vec2","x":-66.6,"y":-1},"_components":[{"__type__":"cc.Sprite","node":{"__id__":32},"_spriteFrame":{"__uuid__":"c649b487-742a-4d15-a64b-fbc06be81d7e"}}]},{"__type__":"cc.Node","_name":"noticeBg","_parent":{"__id__":3},"_contentSize":{"__type__":"cc.Size","width":620,"height":45},"_children":[{"__id__":34},{"__id__":35}],"_position":{"__type__":"cc.Vec2","y":160},"_active":false,"_components":[{"__type__":"cc.Sprite","node":{"__id__":33},"_spriteFrame":{"__uuid__":"1eb6b0de-fe8a-436d-8c5a-a082e23286bf"}}]},{"__type__":"cc.Node","_name":"noticeIcon","_parent":{"__id__":33},"_contentSize":{"__type__":"cc.Size","width":48,"height":28},"_position":{"__type__":"cc.Vec2","x":-242},"_components":[{"__type__":"cc.Sprite","node":{"__id__":34},"_spriteFrame":{"__uuid__":"378107ac-7de2-4284-9d45-823e9318f6c8"}}]},{"__type__":"cc.Node","_name":"noticeLabel","_parent":{"__id__":33},"_contentSize":{"__type__":"cc.Size","width":385.96,"height":30},"_position":{"__type__":"cc.Vec2","y":-1},"_components":[{"__type__":"cc.Label","node":{"__id__":35},"_useOriginalSize":false,"_actualFontSize":22,"_fontSize":22,"_lineHeight":30,"_N$string":"微信搜索公众号\"查虎麻将\"添加有好礼...","_N$horizontalAlign":1,"_N$verticalAlign":1}]},{"__type__":"cc.Node","_name":"createRoom","_parent":{"__id__":3},"_children":[{"__id__":37},{"__id__":38},{"__id__":39},{"__id__":40},{"__id__":93},{"__id__":95},{"__id__":97}],"_position":{"__type__":"cc.Vec2","y":-34},"_active":false,"_components":[{"__type__":"5868dsG77lL0KthZftKMNrB","node":{"__id__":36},"closeBtn":{"__id__":96},"createRoomBtn":{"__id__":63},"ruleRadioButton":[{"__id__":51},{"__id__":56},{"__id__":61}],"juRadioButton":[{"__id__":73},{"__id__":79}],"sliderBar":{"__id__":92},"progressBar":{"__id__":89},"hunCount":{"__id__":83}}]},{"__type__":"cc.Node","_name":"mask","_opacity":164,"_color":{"__type__":"cc.Color"},"_parent":{"__id__":36},"_contentSize":{"__type__":"cc.Size","width":1280,"height":720},"_components":[{"__type__":"cc.Sprite","node":{"__id__":37},"_spriteFrame":{"__uuid__":"a23235d1-15db-4b95-8439-a2e005bfff91"},"_sizeMode":0},{"__type__":"512b9zEVb9Gra7wG2/BcLR9","node":{"__id__":37}}]},{"__type__":"cc.Node","_name":"frame0","_parent":{"__id__":36},"_contentSize":{"__type__":"cc.Size","width":860,"height":530},"_components":[{"__type__":"cc.Sprite","node":{"__id__":38},"_spriteFrame":{"__uuid__":"edfcaef8-869f-41bf-a8a7-06759bb16923"},"_type":1,"_sizeMode":0}]},{"__type__":"cc.Node","_name":"frame1","_parent":{"__id__":36},"_contentSize":{"__type__":"cc.Size","width":840,"height":510},"_components":[{"__type__":"cc.Sprite","node":{"__id__":39},"_spriteFrame":{"__uuid__":"34248126-fb77-413b-8085-d0363c0ad8b6"},"_type":1,"_sizeMode":0}]},{"__type__":"cc.Node","_name":"frame2","_parent":{"__id__":36},"_contentSize":{"__type__":"cc.Size","width":570,"height":480},"_children":[{"__id__":41},{"__id__":42},{"__id__":62},{"__id__":64},{"__id__":80}],"_position":{"__type__":"cc.Vec2","x":114},"_components":[{"__type__":"cc.Sprite","node":{"__id__":40},"_spriteFrame":{"__uuid__":"73d2afe4-bff1-4441-8136-4589b37e85fa"},"_type":1,"_sizeMode":0}]},{"__type__":"cc.Node","_name":"selectArrow","_parent":{"__id__":40},"_contentSize":{"__type__":"cc.Size","width":19,"height":46},"_position":{"__type__":"cc.Vec2","x":-287,"y":188.3},"_components":[{"__type__":"cc.Sprite","node":{"__id__":41},"_spriteFrame":{"__uuid__":"7c025e95-e6ba-44ed-a164-ecb4b122734b"},"_isTrimmedMode":false}]},{"__type__":"cc.Node","_name":"ruleFrame","_parent":{"__id__":40},"_contentSize":{"__type__":"cc.Size","width":520,"height":120},"_children":[{"__id__":43},{"__id__":44},{"__id__":45},{"__id__":46},{"__id__":47},{"__id__":52},{"__id__":57}],"_position":{"__type__":"cc.Vec2","y":159},"_components":[{"__type__":"cc.Sprite","node":{"__id__":42},"_spriteFrame":{"__uuid__":"5c5fa31e-e8a2-47e9-b937-3e44a4406ccc"},"_type":1,"_sizeMode":0}]},{"__type__":"cc.Node","_name":"ruleLabel","_color":{"__type__":"cc.Color","r":199,"g":111,"b":61},"_parent":{"__id__":42},"_contentSize":{"__type__":"cc.Size","width":68.33,"height":32},"_position":{"__type__":"cc.Vec2","x":-209,"y":28.000000000000114},"_components":[{"__type__":"cc.Label","node":{"__id__":43},"_useOriginalSize":false,"_actualFontSize":30,"_fontSize":30,"_lineHeight":32,"_N$string":"规则:","_N$horizontalAlign":1,"_N$verticalAlign":1}]},{"__type__":"cc.Node","_name":"label1","_color":{"__type__":"cc.Color","r":117,"g":92,"b":65},"_parent":{"__id__":42},"_anchorPoint":{"__type__":"cc.Vec2","y":0.5},"_contentSize":{"__type__":"cc.Size","width":120,"height":40},"_position":{"__type__":"cc.Vec2","x":-96,"y":29},"_components":[{"__type__":"cc.Label","node":{"__id__":44},"_useOriginalSize":false,"_actualFontSize":30,"_fontSize":30,"_N$string":"庄闲算分","_N$horizontalAlign":1,"_N$verticalAlign":1}]},{"__type__":"cc.Node","_name":"label2","_color":{"__type__":"cc.Color","r":117,"g":92,"b":65},"_parent":{"__id__":42},"_anchorPoint":{"__type__":"cc.Vec2","y":0.5},"_contentSize":{"__type__":"cc.Size","width":30,"height":40},"_position":{"__type__":"cc.Vec2","x":102,"y":29},"_components":[{"__type__":"cc.Label","node":{"__id__":45},"_useOriginalSize":false,"_actualFontSize":30,"_fontSize":30,"_N$string":"牛","_N$horizontalAlign":1,"_N$verticalAlign":1}]},{"__type__":"cc.Node","_name":"label3","_color":{"__type__":"cc.Color","r":117,"g":92,"b":65},"_parent":{"__id__":42},"_anchorPoint":{"__type__":"cc.Vec2","y":0.5},"_contentSize":{"__type__":"cc.Size","width":90,"height":40},"_position":{"__type__":"cc.Vec2","x":-96,"y":-28},"_components":[{"__type__":"cc.Label","node":{"__id__":46},"_useOriginalSize":false,"_actualFontSize":30,"_fontSize":30,"_N$string":"砸头子","_N$horizontalAlign":1,"_N$verticalAlign":1}]},{"__type__":"cc.Node","_name":"toggle1","_parent":{"__id__":42},"_contentSize":{"__type__":"cc.Size","width":34,"height":36},"_children":[{"__id__":48}],"_position":{"__type__":"cc.Vec2","x":-135,"y":27.6},"_components":[{"__id__":51}]},{"__type__":"cc.Node","_name":"Background","_parent":{"__id__":47},"_contentSize":{"__type__":"cc.Size","width":35,"height":35},"_children":[{"__id__":49}],"_components":[{"__type__":"cc.Sprite","node":{"__id__":48},"_spriteFrame":{"__uuid__":"45e810b7-8381-43fa-9a26-f35611d30038"}}]},{"__type__":"cc.Node","_name":"checkmark","_parent":{"__id__":48},"_contentSize":{"__type__":"cc.Size","width":38,"height":40},"_components":[{"__id__":50}]},{"__type__":"cc.Sprite","node":{"__id__":49},"_spriteFrame":{"__uuid__":"8a0c2159-28ae-4a37-ae92-195bd2d94ce8"},"_sizeMode":2,"_isTrimmedMode":false},{"__type__":"cc.Toggle","node":{"__id__":47},"transition":3,"_N$enableAutoGrayEffect":true,"_N$target":{"__id__":48},"checkMark":{"__id__":50},"checkEvents":[{"__type__":"cc.ClickEvent","target":{"__id__":36},"component":"createRoom","handler":"OnRuleRadioChange","customEventData":"1"}]},{"__type__":"cc.Node","_name":"toggle2","_parent":{"__id__":42},"_contentSize":{"__type__":"cc.Size","width":34,"height":34},"_children":[{"__id__":53}],"_position":{"__type__":"cc.Vec2","x":57.9,"y":27.6},"_components":[{"__id__":56}]},{"__type__":"cc.Node","_name":"Background","_parent":{"__id__":52},"_contentSize":{"__type__":"cc.Size","width":35,"height":35},"_children":[{"__id__":54}],"_components":[{"__type__":"cc.Sprite","node":{"__id__":53},"_spriteFrame":{"__uuid__":"45e810b7-8381-43fa-9a26-f35611d30038"}}]},{"__type__":"cc.Node","_name":"checkmark","_parent":{"__id__":53},"_contentSize":{"__type__":"cc.Size","width":38,"height":40},"_components":[{"__id__":55}]},{"__type__":"cc.Sprite","node":{"__id__":54},"_spriteFrame":{"__uuid__":"8a0c2159-28ae-4a37-ae92-195bd2d94ce8"},"_sizeMode":2,"_isTrimmedMode":false},{"__type__":"cc.Toggle","node":{"__id__":52},"transition":3,"_N$target":{"__id__":53},"checkMark":{"__id__":55},"checkEvents":[{"__type__":"cc.ClickEvent","target":{"__id__":36},"component":"createRoom","handler":"OnRuleRadioChange","customEventData":"2"}]},{"__type__":"cc.Node","_name":"toggle3","_parent":{"__id__":42},"_contentSize":{"__type__":"cc.Size","width":34,"height":34},"_children":[{"__id__":58}],"_position":{"__type__":"cc.Vec2","x":-135,"y":-27.6},"_components":[{"__id__":61}]},{"__type__":"cc.Node","_name":"Background","_parent":{"__id__":57},"_contentSize":{"__type__":"cc.Size","width":35,"height":35},"_children":[{"__id__":59}],"_components":[{"__type__":"cc.Sprite","node":{"__id__":58},"_spriteFrame":{"__uuid__":"45e810b7-8381-43fa-9a26-f35611d30038"}}]},{"__type__":"cc.Node","_name":"checkmark","_parent":{"__id__":58},"_contentSize":{"__type__":"cc.Size","width":38,"height":40},"_components":[{"__id__":60}]},{"__type__":"cc.Sprite","node":{"__id__":59},"_enabled":false,"_spriteFrame":{"__uuid__":"8a0c2159-28ae-4a37-ae92-195bd2d94ce8"},"_sizeMode":2,"_isTrimmedMode":false},{"__type__":"cc.Toggle","node":{"__id__":57},"transition":3,"_N$target":{"__id__":58},"checkMark":{"__id__":60},"checkEvents":[{"__type__":"cc.ClickEvent","target":{"__id__":36},"component":"createRoom","handler":"OnRuleRadioChange","customEventData":"4"}],"_N$isChecked":false},{"__type__":"cc.Node","_name":"createRoomBtn","_parent":{"__id__":40},"_contentSize":{"__type__":"cc.Size","width":156,"height":62},"_position":{"__type__":"cc.Vec2","y":-185},"_components":[{"__type__":"cc.Sprite","node":{"__id__":62},"_spriteFrame":{"__uuid__":"03c5bbaf-1ddc-4173-b7c8-59c59e395e8d"},"_type":1},{"__id__":63},{"__type__":"75ab2NzszVJfrt4+z6hBKqE","node":{"__id__":62}}]},{"__type__":"cc.Button","node":{"__id__":62},"transition":2,"pressedColor":{"__type__":"cc.Color","r":255,"g":255,"b":255},"pressedSprite":{"__uuid__":"25c7bc4e-d4c9-43fd-99f6-3ae0c4085d67"},"hoverSprite":{"__uuid__":"03c5bbaf-1ddc-4173-b7c8-59c59e395e8d"},"_N$normalColor":{"__type__":"cc.Color","r":255,"g":255,"b":255},"_N$disabledColor":{"__type__":"cc.Color","r":255,"g":255,"b":255},"_N$normalSprite":{"__uuid__":"03c5bbaf-1ddc-4173-b7c8-59c59e395e8d"},"_N$disabledSprite":{"__uuid__":"25c7bc4e-d4c9-43fd-99f6-3ae0c4085d67"},"_N$target":{"__id__":62}},{"__type__":"cc.Node","_name":"juFream","_parent":{"__id__":40},"_contentSize":{"__type__":"cc.Size","width":520,"height":120},"_children":[{"__id__":65},{"__id__":66}],"_position":{"__type__":"cc.Vec2","y":24},"_components":[{"__type__":"cc.Sprite","node":{"__id__":64},"_spriteFrame":{"__uuid__":"5c5fa31e-e8a2-47e9-b937-3e44a4406ccc"},"_type":1,"_sizeMode":0}]},{"__type__":"cc.Node","_name":"juLabel","_color":{"__type__":"cc.Color","r":199,"g":111,"b":61},"_parent":{"__id__":64},"_contentSize":{"__type__":"cc.Size","width":68.33,"height":32},"_position":{"__type__":"cc.Vec2","x":-209,"y":1},"_components":[{"__type__":"cc.Label","node":{"__id__":65},"_useOriginalSize":false,"_actualFontSize":30,"_fontSize":30,"_lineHeight":32,"_N$string":"局数:","_N$horizontalAlign":1,"_N$verticalAlign":1}]},{"__type__":"cc.Node","_name":"toggleGroup","_parent":{"__id__":64},"_contentSize":{"__type__":"cc.Size","width":221,"height":61},"_children":[{"__id__":67},{"__id__":68},{"__id__":69},{"__id__":75}],"_position":{"__type__":"cc.Vec2","x":-73,"y":-15},"_components":[{"__id__":74}]},{"__type__":"cc.Node","_name":"label1","_color":{"__type__":"cc.Color","r":117,"g":92,"b":65},"_parent":{"__id__":66},"_anchorPoint":{"__type__":"cc.Vec2","y":0.5},"_contentSize":{"__type__":"cc.Size","width":126.68,"height":40},"_position":{"__type__":"cc.Vec2","x":-29,"y":14},"_components":[{"__type__":"cc.Label","node":{"__id__":67},"_useOriginalSize":false,"_actualFontSize":24,"_fontSize":24,"_N$string":"1圈(房卡x4)","_N$horizontalAlign":1,"_N$verticalAlign":1}]},{"__type__":"cc.Node","_name":"label2","_color":{"__type__":"cc.Color","r":117,"g":92,"b":65},"_parent":{"__id__":66},"_anchorPoint":{"__type__":"cc.Vec2","y":0.5},"_contentSize":{"__type__":"cc.Size","width":140.03,"height":40},"_position":{"__type__":"cc.Vec2","x":166,"y":14},"_components":[{"__type__":"cc.Label","node":{"__id__":68},"_useOriginalSize":false,"_actualFontSize":24,"_fontSize":24,"_N$string":"4圈(房卡x15)","_N$horizontalAlign":1,"_N$verticalAlign":1}]},{"__type__":"cc.Node","_name":"toggle1","_parent":{"__id__":66},"_contentSize":{"__type__":"cc.Size","width":34,"height":36},"_children":[{"__id__":70}],"_position":{"__type__":"cc.Vec2","x":-62,"y":11.6},"_components":[{"__id__":73}]},{"__type__":"cc.Node","_name":"Background","_parent":{"__id__":69},"_contentSize":{"__type__":"cc.Size","width":34,"height":34},"_children":[{"__id__":71}],"_components":[{"__type__":"cc.Sprite","node":{"__id__":70},"_spriteFrame":{"__uuid__":"fb92abbe-0b8e-457b-a481-c0fd6f79df9c"}}]},{"__type__":"cc.Node","_name":"checkmark","_parent":{"__id__":70},"_contentSize":{"__type__":"cc.Size","width":34,"height":34},"_components":[{"__id__":72}]},{"__type__":"cc.Sprite","node":{"__id__":71},"_enabled":false,"_spriteFrame":{"__uuid__":"d68a09e8-b9ae-4522-9b45-9c5734044cf9"},"_sizeMode":2,"_isTrimmedMode":false},{"__type__":"cc.Toggle","node":{"__id__":69},"transition":3,"_N$target":{"__id__":70},"toggleGroup":{"__id__":74},"checkMark":{"__id__":72},"checkEvents":[{"__type__":"cc.ClickEvent","target":{"__id__":36},"component":"createRoom","handler":"OnJuRadioChange","customEventData":"1"}],"_N$isChecked":false},{"__type__":"cc.ToggleGroup","node":{"__id__":66}},{"__type__":"cc.Node","_name":"toggle2","_parent":{"__id__":66},"_contentSize":{"__type__":"cc.Size","width":34,"height":34},"_children":[{"__id__":76}],"_position":{"__type__":"cc.Vec2","x":130.9,"y":11.6},"_components":[{"__id__":79}]},{"__type__":"cc.Node","_name":"Background","_parent":{"__id__":75},"_contentSize":{"__type__":"cc.Size","width":34,"height":34},"_children":[{"__id__":77}],"_components":[{"__type__":"cc.Sprite","node":{"__id__":76},"_spriteFrame":{"__uuid__":"fb92abbe-0b8e-457b-a481-c0fd6f79df9c"}}]},{"__type__":"cc.Node","_name":"checkmark","_parent":{"__id__":76},"_contentSize":{"__type__":"cc.Size","width":34,"height":34},"_components":[{"__id__":78}]},{"__type__":"cc.Sprite","node":{"__id__":77},"_spriteFrame":{"__uuid__":"d68a09e8-b9ae-4522-9b45-9c5734044cf9"},"_sizeMode":2,"_isTrimmedMode":false},{"__type__":"cc.Toggle","node":{"__id__":75},"transition":3,"_N$target":{"__id__":76},"toggleGroup":{"__id__":74},"checkMark":{"__id__":78},"checkEvents":[{"__type__":"cc.ClickEvent","target":{"__id__":36},"component":"createRoom","handler":"OnJuRadioChange","customEventData":"2"}]},{"__type__":"cc.Node","_name":"hunFream","_parent":{"__id__":40},"_contentSize":{"__type__":"cc.Size","width":520,"height":80},"_children":[{"__id__":81},{"__id__":82},{"__id__":84}],"_position":{"__type__":"cc.Vec2","y":-95},"_components":[{"__type__":"cc.Sprite","node":{"__id__":80},"_spriteFrame":{"__uuid__":"5c5fa31e-e8a2-47e9-b937-3e44a4406ccc"},"_type":1,"_sizeMode":0}]},{"__type__":"cc.Node","_name":"hunLabel","_color":{"__type__":"cc.Color","r":199,"g":111,"b":61},"_parent":{"__id__":80},"_contentSize":{"__type__":"cc.Size","width":68.33,"height":32},"_position":{"__type__":"cc.Vec2","x":-209},"_components":[{"__type__":"cc.Label","node":{"__id__":81},"_useOriginalSize":false,"_actualFontSize":30,"_fontSize":30,"_lineHeight":32,"_N$string":"荤低:","_N$horizontalAlign":1,"_N$verticalAlign":1}]},{"__type__":"cc.Node","_name":"count","_color":{"__type__":"cc.Color","r":199,"g":60},"_parent":{"__id__":80},"_anchorPoint":{"__type__":"cc.Vec2","y":0.5},"_contentSize":{"__type__":"cc.Size","width":33.37,"height":40},"_position":{"__type__":"cc.Vec2","x":-153},"_components":[{"__id__":83}]},{"__type__":"cc.Label","node":{"__id__":82},"_useOriginalSize":false,"_actualFontSize":30,"_fontSize":30,"_N$string":"20","_N$horizontalAlign":1,"_N$verticalAlign":1},{"__type__":"cc.Node","_name":"slider","_parent":{"__id__":80},"_contentSize":{"__type__":"cc.Size","width":310,"height":20},"_children":[{"__id__":85},{"__id__":86},{"__id__":90}],"_position":{"__type__":"cc.Vec2","x":74},"_components":[{"__id__":92}]},{"__type__":"cc.Node","_name":"Background","_parent":{"__id__":84},"_contentSize":{"__type__":"cc.Size","width":310,"height":23},"_components":[{"__type__":"cc.Sprite","node":{"__id__":85},"_spriteFrame":{"__uuid__":"715d812e-1f58-4384-8f84-b29196b6f039"}}]},{"__type__":"cc.Node","_name":"progressBar","_parent":{"__id__":84},"_anchorPoint":{"__type__":"cc.Vec2","y":0.5},"_contentSize":{"__type__":"cc.Size","width":310,"height":24},"_children":[{"__id__":87}],"_position":{"__type__":"cc.Vec2","x":-153.8,"y":0.3},"_components":[{"__id__":89}]},{"__type__":"cc.Node","_name":"bar","_parent":{"__id__":86},"_anchorPoint":{"__type__":"cc.Vec2","y":0.5},"_contentSize":{"__type__":"cc.Size","width":62,"height":24},"_components":[{"__id__":88}]},{"__type__":"cc.Sprite","node":{"__id__":87},"_spriteFrame":{"__uuid__":"17ccb56c-c2f2-4a4d-8ffd-ea07323984ad"},"_type":1,"_sizeMode":0},{"__type__":"cc.ProgressBar","node":{"__id__":86},"_N$barSprite":{"__id__":88},"_N$totalLength":310,"_N$progress":0.2},{"__type__":"cc.Node","_name":"Handle","_parent":{"__id__":84},"_contentSize":{"__type__":"cc.Size","width":44,"height":43},"_position":{"__type__":"cc.Vec2","x":-1.1368683772161603e-13},"_components":[{"__type__":"cc.Sprite","node":{"__id__":90},"_spriteFrame":{"__uuid__":"aca52f3d-ca24-4915-8174-1c58e01b7f5b"},"_type":1},{"__id__":91}]},{"__type__":"cc.Button","node":{"__id__":90},"transition":2,"pressedColor":{"__type__":"cc.Color","r":255,"g":255,"b":255},"zoomScale":0.1,"pressedSprite":{"__uuid__":"aca52f3d-ca24-4915-8174-1c58e01b7f5b"},"hoverSprite":{"__uuid__":"aca52f3d-ca24-4915-8174-1c58e01b7f5b"},"_N$enableAutoGrayEffect":true,"_N$normalColor":{"__type__":"cc.Color","r":255,"g":255,"b":255},"_N$disabledColor":{"__type__":"cc.Color","r":255,"g":255,"b":255},"_N$normalSprite":{"__uuid__":"aca52f3d-ca24-4915-8174-1c58e01b7f5b"},"_N$disabledSprite":{"__uuid__":"aca52f3d-ca24-4915-8174-1c58e01b7f5b"},"_N$target":{"__id__":90}},{"__type__":"cc.Slider","node":{"__id__":84},"slideEvents":[{"__type__":"cc.ClickEvent","target":{"__id__":36},"component":"createRoom","handler":"OnSlider"}],"_N$handle":{"__id__":91}},{"__type__":"cc.Node","_name":"title1","_parent":{"__id__":36},"_contentSize":{"__type__":"cc.Size","width":376,"height":48},"_children":[{"__id__":94}],"_position":{"__type__":"cc.Vec2","y":288.6},"_components":[{"__type__":"cc.Sprite","node":{"__id__":93},"_spriteFrame":{"__uuid__":"821c1bd6-4914-42d0-ad17-f34fdf6de927"}}]},{"__type__":"cc.Node","_name":"createRoom","_parent":{"__id__":93},"_contentSize":{"__type__":"cc.Size","width":148,"height":41},"_components":[{"__type__":"cc.Sprite","node":{"__id__":94},"_spriteFrame":{"__uuid__":"696801fc-8ab0-411a-8c3a-fcccd2e69dfe"}}]},{"__type__":"cc.Node","_name":"closeBtn","_parent":{"__id__":36},"_contentSize":{"__type__":"cc.Size","width":74,"height":73},"_position":{"__type__":"cc.Vec2","x":415,"y":252},"_components":[{"__type__":"cc.Sprite","node":{"__id__":95},"_spriteFrame":{"__uuid__":"fce19c68-d057-471d-a6e6-87a6b0c4a0f0"},"_type":1},{"__id__":96},{"__type__":"ff0cdnJdoZK+oIJBxXGa/53","node":{"__id__":95}}]},{"__type__":"cc.Button","node":{"__id__":95},"transition":2,"pressedColor":{"__type__":"cc.Color","r":255,"g":255,"b":255},"pressedSprite":{"__uuid__":"b870dd74-4222-4646-8ae4-1beb980247cc"},"hoverSprite":{"__uuid__":"fce19c68-d057-471d-a6e6-87a6b0c4a0f0"},"_N$normalColor":{"__type__":"cc.Color","r":255,"g":255,"b":255},"_N$disabledColor":{"__type__":"cc.Color","r":255,"g":255,"b":255},"_N$normalSprite":{"__uuid__":"fce19c68-d057-471d-a6e6-87a6b0c4a0f0"},"_N$disabledSprite":{"__uuid__":"b870dd74-4222-4646-8ae4-1beb980247cc"},"_N$target":{"__id__":95}},{"__type__":"cc.Node","_name":"chahuBtn","_parent":{"__id__":36},"_contentSize":{"__type__":"cc.Size","width":214,"height":81},"_position":{"__type__":"cc.Vec2","x":-299,"y":186},"_components":[{"__type__":"cc.Sprite","node":{"__id__":97},"_spriteFrame":{"__uuid__":"2b4e42e6-9e67-42a0-b201-835462ef4173"},"_type":1},{"__type__":"cc.Button","node":{"__id__":97},"transition":2,"pressedColor":{"__type__":"cc.Color","r":255,"g":255,"b":255},"pressedSprite":{"__uuid__":"2b4e42e6-9e67-42a0-b201-835462ef4173"},"hoverSprite":{"__uuid__":"2b4e42e6-9e67-42a0-b201-835462ef4173"},"_N$normalColor":{"__type__":"cc.Color","r":255,"g":255,"b":255},"_N$disabledColor":{"__type__":"cc.Color","r":255,"g":255,"b":255},"_N$normalSprite":{"__uuid__":"2b4e42e6-9e67-42a0-b201-835462ef4173"},"_N$disabledSprite":{"__uuid__":"2b4e42e6-9e67-42a0-b201-835462ef4173"},"_N$target":{"__id__":97}},{"__type__":"75ab2NzszVJfrt4+z6hBKqE","node":{"__id__":97}}]},{"__type__":"cc.Node","_name":"joinRoom","_parent":{"__id__":3},"_children":[{"__id__":99},{"__id__":100},{"__id__":102},{"__id__":103},{"__id__":104},{"__id__":105},{"__id__":107},{"__id__":108},{"__id__":109},{"__id__":110},{"__id__":111},{"__id__":112},{"__id__":113},{"__id__":114},{"__id__":115},{"__id__":116},{"__id__":117},{"__id__":118},{"__id__":119},{"__id__":121}],"_position":{"__type__":"cc.Vec2","y":-40},"_active":false,"_components":[{"__type__":"84f9fC5aNdC6qoNoxF1tj9F","node":{"__id__":98},"closeBtn":{"__id__":106},"joinBtn":{"__id__":120},"inputLabel":{"__id__":124}}]},{"__type__":"cc.Node","_name":"mask","_opacity":164,"_color":{"__type__":"cc.Color"},"_parent":{"__id__":98},"_contentSize":{"__type__":"cc.Size","width":1280,"height":720},"_position":{"__type__":"cc.Vec2","y":40},"_components":[{"__type__":"cc.Sprite","node":{"__id__":99},"_spriteFrame":{"__uuid__":"a23235d1-15db-4b95-8439-a2e005bfff91"},"_sizeMode":0},{"__type__":"512b9zEVb9Gra7wG2/BcLR9","node":{"__id__":99}}]},{"__type__":"cc.Node","_name":"title1","_parent":{"__id__":98},"_contentSize":{"__type__":"cc.Size","width":376,"height":48},"_children":[{"__id__":101}],"_position":{"__type__":"cc.Vec2","y":273},"_components":[{"__type__":"cc.Sprite","node":{"__id__":100},"_spriteFrame":{"__uuid__":"821c1bd6-4914-42d0-ad17-f34fdf6de927"}}]},{"__type__":"cc.Node","_name":"enterRoom","_parent":{"__id__":100},"_contentSize":{"__type__":"cc.Size","width":147,"height":41},"_components":[{"__type__":"cc.Sprite","node":{"__id__":101},"_spriteFrame":{"__uuid__":"226619ea-6ed2-4fc3-a227-39f8d068f192"}}]},{"__type__":"cc.Node","_name":"frame0","_parent":{"__id__":98},"_contentSize":{"__type__":"cc.Size","width":460,"height":500},"_components":[{"__type__":"cc.Sprite","node":{"__id__":102},"_spriteFrame":{"__uuid__":"edfcaef8-869f-41bf-a8a7-06759bb16923"},"_type":1,"_sizeMode":0}]},{"__type__":"cc.Node","_name":"frame1","_parent":{"__id__":98},"_contentSize":{"__type__":"cc.Size","width":440,"height":480},"_components":[{"__type__":"cc.Sprite","node":{"__id__":103},"_spriteFrame":{"__uuid__":"34248126-fb77-413b-8085-d0363c0ad8b6"},"_type":1,"_sizeMode":0}]},{"__type__":"cc.Node","_name":"frameBottom","_parent":{"__id__":98},"_contentSize":{"__type__":"cc.Size","width":438,"height":94},"_position":{"__type__":"cc.Vec2","y":-193},"_components":[{"__type__":"cc.Sprite","node":{"__id__":104},"_spriteFrame":{"__uuid__":"be8d4ad6-58e3-47d6-805a-1ffdbccb7f22"},"_type":1,"_sizeMode":0}]},{"__type__":"cc.Node","_name":"closeBtn","_parent":{"__id__":98},"_contentSize":{"__type__":"cc.Size","width":74,"height":73},"_position":{"__type__":"cc.Vec2","x":213,"y":236},"_components":[{"__type__":"cc.Sprite","node":{"__id__":105},"_spriteFrame":{"__uuid__":"fce19c68-d057-471d-a6e6-87a6b0c4a0f0"},"_type":1},{"__id__":106},{"__type__":"ff0cdnJdoZK+oIJBxXGa/53","node":{"__id__":105}}]},{"__type__":"cc.Button","node":{"__id__":105},"transition":2,"pressedColor":{"__type__":"cc.Color","r":255,"g":255,"b":255},"pressedSprite":{"__uuid__":"b870dd74-4222-4646-8ae4-1beb980247cc"},"hoverSprite":{"__uuid__":"fce19c68-d057-471d-a6e6-87a6b0c4a0f0"},"_N$normalColor":{"__type__":"cc.Color","r":255,"g":255,"b":255},"_N$disabledColor":{"__type__":"cc.Color","r":255,"g":255,"b":255},"_N$normalSprite":{"__uuid__":"fce19c68-d057-471d-a6e6-87a6b0c4a0f0"},"_N$disabledSprite":{"__uuid__":"b870dd74-4222-4646-8ae4-1beb980247cc"},"_N$target":{"__id__":105}},{"__type__":"cc.Node","_name":"1Btn","_parent":{"__id__":98},"_contentSize":{"__type__":"cc.Size","width":106,"height":62},"_position":{"__type__":"cc.Vec2","x":-137,"y":110},"_components":[{"__type__":"cc.Sprite","node":{"__id__":107},"_spriteFrame":{"__uuid__":"195a5559-3623-404c-b708-bd828465cd78"}},{"__type__":"cc.Button","node":{"__id__":107},"transition":2,"pressedColor":{"__type__":"cc.Color","r":255,"g":255,"b":255},"pressedSprite":{"__uuid__":"c7e00645-190a-4098-8ae5-0b7ad345792d"},"hoverSprite":{"__uuid__":"195a5559-3623-404c-b708-bd828465cd78"},"clickEvents":[{"__type__":"cc.ClickEvent","target":{"__id__":98},"component":"joinRoom","handler":"OnClickNumber","customEventData":"1"}],"_N$normalColor":{"__type__":"cc.Color","r":255,"g":255,"b":255},"_N$disabledColor":{"__type__":"cc.Color","r":255,"g":255,"b":255},"_N$normalSprite":{"__uuid__":"195a5559-3623-404c-b708-bd828465cd78"},"_N$disabledSprite":{"__uuid__":"c7e00645-190a-4098-8ae5-0b7ad345792d"},"_N$target":{"__id__":107}},{"__type__":"75ab2NzszVJfrt4+z6hBKqE","node":{"__id__":107}}]},{"__type__":"cc.Node","_name":"2Btn","_parent":{"__id__":98},"_contentSize":{"__type__":"cc.Size","width":106,"height":62},"_position":{"__type__":"cc.Vec2","x":-1,"y":110},"_components":[{"__type__":"cc.Sprite","node":{"__id__":108},"_spriteFrame":{"__uuid__":"946787c8-8b85-48e2-bef8-83334b045003"}},{"__type__":"cc.Button","node":{"__id__":108},"transition":2,"pressedColor":{"__type__":"cc.Color","r":255,"g":255,"b":255},"pressedSprite":{"__uuid__":"ba1bb286-ba47-4d72-8082-fec247585e42"},"hoverSprite":{"__uuid__":"946787c8-8b85-48e2-bef8-83334b045003"},"clickEvents":[{"__type__":"cc.ClickEvent","target":{"__id__":98},"component":"joinRoom","handler":"OnClickNumber","customEventData":"2"}],"_N$normalColor":{"__type__":"cc.Color","r":255,"g":255,"b":255},"_N$disabledColor":{"__type__":"cc.Color","r":255,"g":255,"b":255},"_N$normalSprite":{"__uuid__":"946787c8-8b85-48e2-bef8-83334b045003"},"_N$disabledSprite":{"__uuid__":"ba1bb286-ba47-4d72-8082-fec247585e42"},"_N$target":{"__id__":108}},{"__type__":"75ab2NzszVJfrt4+z6hBKqE","node":{"__id__":108}}]},{"__type__":"cc.Node","_name":"3Btn","_parent":{"__id__":98},"_contentSize":{"__type__":"cc.Size","width":106,"height":62},"_position":{"__type__":"cc.Vec2","x":135,"y":110},"_components":[{"__type__":"cc.Sprite","node":{"__id__":109},"_spriteFrame":{"__uuid__":"b2ebb78d-6880-4d6d-ae26-6d11bfd3e87e"}},{"__type__":"cc.Button","node":{"__id__":109},"transition":2,"pressedColor":{"__type__":"cc.Color","r":255,"g":255,"b":255},"pressedSprite":{"__uuid__":"f2e712c3-1a32-4297-b278-3271e3ee6450"},"hoverSprite":{"__uuid__":"b2ebb78d-6880-4d6d-ae26-6d11bfd3e87e"},"clickEvents":[{"__type__":"cc.ClickEvent","target":{"__id__":98},"component":"joinRoom","handler":"OnClickNumber","customEventData":"3"}],"_N$normalColor":{"__type__":"cc.Color","r":255,"g":255,"b":255},"_N$disabledColor":{"__type__":"cc.Color","r":255,"g":255,"b":255},"_N$normalSprite":{"__uuid__":"b2ebb78d-6880-4d6d-ae26-6d11bfd3e87e"},"_N$disabledSprite":{"__uuid__":"f2e712c3-1a32-4297-b278-3271e3ee6450"},"_N$target":{"__id__":109}},{"__type__":"75ab2NzszVJfrt4+z6hBKqE","node":{"__id__":109}}]},{"__type__":"cc.Node","_name":"4Btn","_parent":{"__id__":98},"_contentSize":{"__type__":"cc.Size","width":106,"height":62},"_position":{"__type__":"cc.Vec2","x":-137,"y":40},"_components":[{"__type__":"cc.Sprite","node":{"__id__":110},"_spriteFrame":{"__uuid__":"11558912-3e84-46ac-b446-622d15210a7d"}},{"__type__":"cc.Button","node":{"__id__":110},"transition":2,"pressedColor":{"__type__":"cc.Color","r":255,"g":255,"b":255},"pressedSprite":{"__uuid__":"d6bdd0ed-34fa-45b8-ad50-cb58da5a17f0"},"hoverSprite":{"__uuid__":"11558912-3e84-46ac-b446-622d15210a7d"},"clickEvents":[{"__type__":"cc.ClickEvent","target":{"__id__":98},"component":"joinRoom","handler":"OnClickNumber","customEventData":"4"}],"_N$normalColor":{"__type__":"cc.Color","r":255,"g":255,"b":255},"_N$disabledColor":{"__type__":"cc.Color","r":255,"g":255,"b":255},"_N$normalSprite":{"__uuid__":"11558912-3e84-46ac-b446-622d15210a7d"},"_N$disabledSprite":{"__uuid__":"d6bdd0ed-34fa-45b8-ad50-cb58da5a17f0"},"_N$target":{"__id__":110}},{"__type__":"75ab2NzszVJfrt4+z6hBKqE","node":{"__id__":110}}]},{"__type__":"cc.Node","_name":"5Btn","_parent":{"__id__":98},"_contentSize":{"__type__":"cc.Size","width":106,"height":62},"_position":{"__type__":"cc.Vec2","x":-1,"y":40},"_components":[{"__type__":"cc.Sprite","node":{"__id__":111},"_spriteFrame":{"__uuid__":"9f71f1c6-5ab6-4ca9-88ce-2aa2c392b918"}},{"__type__":"cc.Button","node":{"__id__":111},"transition":2,"pressedColor":{"__type__":"cc.Color","r":255,"g":255,"b":255},"pressedSprite":{"__uuid__":"4ddfbec2-96b8-4ad0-bea0-8a64f6565cf2"},"hoverSprite":{"__uuid__":"9f71f1c6-5ab6-4ca9-88ce-2aa2c392b918"},"clickEvents":[{"__type__":"cc.ClickEvent","target":{"__id__":98},"component":"joinRoom","handler":"OnClickNumber","customEventData":"5"}],"_N$normalColor":{"__type__":"cc.Color","r":255,"g":255,"b":255},"_N$disabledColor":{"__type__":"cc.Color","r":255,"g":255,"b":255},"_N$normalSprite":{"__uuid__":"9f71f1c6-5ab6-4ca9-88ce-2aa2c392b918"},"_N$disabledSprite":{"__uuid__":"4ddfbec2-96b8-4ad0-bea0-8a64f6565cf2"},"_N$target":{"__id__":111}},{"__type__":"75ab2NzszVJfrt4+z6hBKqE","node":{"__id__":111}}]},{"__type__":"cc.Node","_name":"6Btn","_parent":{"__id__":98},"_contentSize":{"__type__":"cc.Size","width":106,"height":62},"_position":{"__type__":"cc.Vec2","x":135,"y":40},"_components":[{"__type__":"cc.Sprite","node":{"__id__":112},"_spriteFrame":{"__uuid__":"3a70b648-675c-4323-967c-7d010755523e"}},{"__type__":"cc.Button","node":{"__id__":112},"transition":2,"pressedColor":{"__type__":"cc.Color","r":255,"g":255,"b":255},"pressedSprite":{"__uuid__":"3a341788-a4d8-4289-a7d0-870021c378c1"},"hoverSprite":{"__uuid__":"3a70b648-675c-4323-967c-7d010755523e"},"clickEvents":[{"__type__":"cc.ClickEvent","target":{"__id__":98},"component":"joinRoom","handler":"OnClickNumber","customEventData":"6"}],"_N$normalColor":{"__type__":"cc.Color","r":255,"g":255,"b":255},"_N$disabledColor":{"__type__":"cc.Color","r":255,"g":255,"b":255},"_N$normalSprite":{"__uuid__":"3a70b648-675c-4323-967c-7d010755523e"},"_N$disabledSprite":{"__uuid__":"3a341788-a4d8-4289-a7d0-870021c378c1"},"_N$target":{"__id__":112}},{"__type__":"75ab2NzszVJfrt4+z6hBKqE","node":{"__id__":112}}]},{"__type__":"cc.Node","_name":"7Btn","_parent":{"__id__":98},"_contentSize":{"__type__":"cc.Size","width":106,"height":62},"_position":{"__type__":"cc.Vec2","x":-137,"y":-32},"_components":[{"__type__":"cc.Sprite","node":{"__id__":113},"_spriteFrame":{"__uuid__":"23c90493-1c11-424e-ba37-cee414c9e380"}},{"__type__":"cc.Button","node":{"__id__":113},"transition":2,"pressedColor":{"__type__":"cc.Color","r":255,"g":255,"b":255},"pressedSprite":{"__uuid__":"a0e57585-ed80-44c8-bbb3-148fdb3014b5"},"hoverSprite":{"__uuid__":"23c90493-1c11-424e-ba37-cee414c9e380"},"clickEvents":[{"__type__":"cc.ClickEvent","target":{"__id__":98},"component":"joinRoom","handler":"OnClickNumber","customEventData":"7"}],"_N$normalColor":{"__type__":"cc.Color","r":255,"g":255,"b":255},"_N$disabledColor":{"__type__":"cc.Color","r":255,"g":255,"b":255},"_N$normalSprite":{"__uuid__":"23c90493-1c11-424e-ba37-cee414c9e380"},"_N$disabledSprite":{"__uuid__":"a0e57585-ed80-44c8-bbb3-148fdb3014b5"},"_N$target":{"__id__":113}},{"__type__":"75ab2NzszVJfrt4+z6hBKqE","node":{"__id__":113}}]},{"__type__":"cc.Node","_name":"8Btn","_parent":{"__id__":98},"_contentSize":{"__type__":"cc.Size","width":106,"height":62},"_position":{"__type__":"cc.Vec2","x":-1,"y":-32},"_components":[{"__type__":"cc.Sprite","node":{"__id__":114},"_spriteFrame":{"__uuid__":"be4241af-0d3a-4d43-8b94-82cf85eb56c5"}},{"__type__":"cc.Button","node":{"__id__":114},"transition":2,"pressedColor":{"__type__":"cc.Color","r":255,"g":255,"b":255},"pressedSprite":{"__uuid__":"5ab1b428-e6e0-43ea-b1ec-f905068815a2"},"hoverSprite":{"__uuid__":"be4241af-0d3a-4d43-8b94-82cf85eb56c5"},"clickEvents":[{"__type__":"cc.ClickEvent","target":{"__id__":98},"component":"joinRoom","handler":"OnClickNumber","customEventData":"8"}],"_N$normalColor":{"__type__":"cc.Color","r":255,"g":255,"b":255},"_N$disabledColor":{"__type__":"cc.Color","r":255,"g":255,"b":255},"_N$normalSprite":{"__uuid__":"be4241af-0d3a-4d43-8b94-82cf85eb56c5"},"_N$disabledSprite":{"__uuid__":"5ab1b428-e6e0-43ea-b1ec-f905068815a2"},"_N$target":{"__id__":114}},{"__type__":"75ab2NzszVJfrt4+z6hBKqE","node":{"__id__":114}}]},{"__type__":"cc.Node","_name":"9Btn","_parent":{"__id__":98},"_contentSize":{"__type__":"cc.Size","width":106,"height":62},"_position":{"__type__":"cc.Vec2","x":135,"y":-32},"_components":[{"__type__":"cc.Sprite","node":{"__id__":115},"_spriteFrame":{"__uuid__":"6b1204f9-4f2d-4521-8b9c-3e3a9a649138"}},{"__type__":"cc.Button","node":{"__id__":115},"transition":2,"pressedColor":{"__type__":"cc.Color","r":255,"g":255,"b":255},"pressedSprite":{"__uuid__":"42349148-8b1d-45cc-bbe8-4e78dc7359ab"},"hoverSprite":{"__uuid__":"6b1204f9-4f2d-4521-8b9c-3e3a9a649138"},"clickEvents":[{"__type__":"cc.ClickEvent","target":{"__id__":98},"component":"joinRoom","handler":"OnClickNumber","customEventData":"9"}],"_N$normalColor":{"__type__":"cc.Color","r":255,"g":255,"b":255},"_N$disabledColor":{"__type__":"cc.Color","r":255,"g":255,"b":255},"_N$normalSprite":{"__uuid__":"6b1204f9-4f2d-4521-8b9c-3e3a9a649138"},"_N$disabledSprite":{"__uuid__":"42349148-8b1d-45cc-bbe8-4e78dc7359ab"},"_N$target":{"__id__":115}},{"__type__":"75ab2NzszVJfrt4+z6hBKqE","node":{"__id__":115}}]},{"__type__":"cc.Node","_name":"0Btn","_parent":{"__id__":98},"_contentSize":{"__type__":"cc.Size","width":106,"height":62},"_position":{"__type__":"cc.Vec2","x":-1,"y":-106},"_components":[{"__type__":"cc.Sprite","node":{"__id__":116},"_spriteFrame":{"__uuid__":"1c3517af-e9a3-47c8-a989-4962a852bf1c"}},{"__type__":"cc.Button","node":{"__id__":116},"transition":2,"pressedColor":{"__type__":"cc.Color","r":255,"g":255,"b":255},"pressedSprite":{"__uuid__":"1a9b2fa7-ac26-4669-8c96-555e94932f2f"},"hoverSprite":{"__uuid__":"1c3517af-e9a3-47c8-a989-4962a852bf1c"},"clickEvents":[{"__type__":"cc.ClickEvent","target":{"__id__":98},"component":"joinRoom","handler":"OnClickNumber","customEventData":"0"}],"_N$normalColor":{"__type__":"cc.Color","r":255,"g":255,"b":255},"_N$disabledColor":{"__type__":"cc.Color","r":255,"g":255,"b":255},"_N$normalSprite":{"__uuid__":"1c3517af-e9a3-47c8-a989-4962a852bf1c"},"_N$disabledSprite":{"__uuid__":"1a9b2fa7-ac26-4669-8c96-555e94932f2f"},"_N$target":{"__id__":116}},{"__type__":"75ab2NzszVJfrt4+z6hBKqE","node":{"__id__":116}}]},{"__type__":"cc.Node","_name":"clearBtn","_parent":{"__id__":98},"_contentSize":{"__type__":"cc.Size","width":106,"height":62},"_position":{"__type__":"cc.Vec2","x":-137,"y":-106},"_components":[{"__type__":"cc.Sprite","node":{"__id__":117},"_spriteFrame":{"__uuid__":"93ca3a71-7dbb-4b1a-a6d8-5e54e1730d7e"}},{"__type__":"cc.Button","node":{"__id__":117},"transition":2,"pressedColor":{"__type__":"cc.Color","r":255,"g":255,"b":255},"pressedSprite":{"__uuid__":"d70e60e0-feb6-4e6f-ae61-44994e8d0f16"},"hoverSprite":{"__uuid__":"93ca3a71-7dbb-4b1a-a6d8-5e54e1730d7e"},"clickEvents":[{"__type__":"cc.ClickEvent","target":{"__id__":98},"component":"joinRoom","handler":"OnClickNumber","customEventData":"-1"}],"_N$normalColor":{"__type__":"cc.Color","r":255,"g":255,"b":255},"_N$disabledColor":{"__type__":"cc.Color","r":255,"g":255,"b":255},"_N$normalSprite":{"__uuid__":"93ca3a71-7dbb-4b1a-a6d8-5e54e1730d7e"},"_N$disabledSprite":{"__uuid__":"d70e60e0-feb6-4e6f-ae61-44994e8d0f16"},"_N$target":{"__id__":117}},{"__type__":"75ab2NzszVJfrt4+z6hBKqE","node":{"__id__":117}}]},{"__type__":"cc.Node","_name":"deleteBtn","_parent":{"__id__":98},"_contentSize":{"__type__":"cc.Size","width":106,"height":62},"_position":{"__type__":"cc.Vec2","x":135,"y":-106},"_components":[{"__type__":"cc.Sprite","node":{"__id__":118},"_spriteFrame":{"__uuid__":"945a5b29-154e-4294-a58d-3ab4a98d76a6"}},{"__type__":"cc.Button","node":{"__id__":118},"transition":2,"pressedColor":{"__type__":"cc.Color","r":255,"g":255,"b":255},"pressedSprite":{"__uuid__":"945a5b29-154e-4294-a58d-3ab4a98d76a6"},"hoverSprite":{"__uuid__":"945a5b29-154e-4294-a58d-3ab4a98d76a6"},"clickEvents":[{"__type__":"cc.ClickEvent","target":{"__id__":98},"component":"joinRoom","handler":"OnClickNumber","customEventData":"-2"}],"_N$normalColor":{"__type__":"cc.Color","r":255,"g":255,"b":255},"_N$disabledColor":{"__type__":"cc.Color","r":255,"g":255,"b":255},"_N$normalSprite":{"__uuid__":"945a5b29-154e-4294-a58d-3ab4a98d76a6"},"_N$disabledSprite":{"__uuid__":"945a5b29-154e-4294-a58d-3ab4a98d76a6"},"_N$target":{"__id__":118}},{"__type__":"75ab2NzszVJfrt4+z6hBKqE","node":{"__id__":118}}]},{"__type__":"cc.Node","_name":"sureBtn","_parent":{"__id__":98},"_contentSize":{"__type__":"cc.Size","width":155,"height":62},"_position":{"__type__":"cc.Vec2","y":-195},"_components":[{"__type__":"cc.Sprite","node":{"__id__":119},"_spriteFrame":{"__uuid__":"6945799d-0e6d-4687-ba99-e7b03ea651a9"}},{"__id__":120},{"__type__":"75ab2NzszVJfrt4+z6hBKqE","node":{"__id__":119}}]},{"__type__":"cc.Button","node":{"__id__":119},"transition":2,"pressedColor":{"__type__":"cc.Color","r":255,"g":255,"b":255},"pressedSprite":{"__uuid__":"5e048f1d-fe1d-4398-a488-cf3f09ea35a0"},"hoverSprite":{"__uuid__":"6945799d-0e6d-4687-ba99-e7b03ea651a9"},"_N$normalColor":{"__type__":"cc.Color","r":255,"g":255,"b":255},"_N$disabledColor":{"__type__":"cc.Color","r":255,"g":255,"b":255},"_N$normalSprite":{"__uuid__":"6945799d-0e6d-4687-ba99-e7b03ea651a9"},"_N$disabledSprite":{"__uuid__":"5e048f1d-fe1d-4398-a488-cf3f09ea35a0"},"_N$target":{"__id__":119}},{"__type__":"cc.Node","_name":"inputBg","_parent":{"__id__":98},"_contentSize":{"__type__":"cc.Size","width":314,"height":62},"_children":[{"__id__":122},{"__id__":123}],"_position":{"__type__":"cc.Vec2","y":187},"_components":[{"__type__":"cc.Sprite","node":{"__id__":121},"_spriteFrame":{"__uuid__":"eacb3253-ad6e-4501-a856-9aaac5829a0f"}}]},{"__type__":"cc.Node","_name":"editBox","_parent":{"__id__":121},"_contentSize":{"__type__":"cc.Size","width":280,"height":62},"_active":false,"_components":[{"__type__":"cc.EditBox","node":{"__id__":122},"_useOriginalSize":false,"_N$inputFlag":1,"_N$inputMode":5,"_N$fontSize":40,"_N$lineHeight":44,"_N$fontColor":{"__type__":"cc.Color","r":31,"g":255},"_N$placeholder":"输入6位数房间号","_N$placeholderFontSize":34,"_N$placeholderFontColor":{"__type__":"cc.Color","r":214,"g":165,"b":124},"_N$maxLength":6}]},{"__type__":"cc.Node","_name":"inputLabel","_color":{"__type__":"cc.Color","r":214,"g":165,"b":124},"_parent":{"__id__":121},"_contentSize":{"__type__":"cc.Size","width":260,"height":44},"_components":[{"__id__":124}]},{"__type__":"cc.Label","node":{"__id__":123},"_useOriginalSize":false,"_actualFontSize":34,"_fontSize":34,"_lineHeight":44,"_enableWrapText":false,"_N$string":"输入6位数房间号","_N$horizontalAlign":1,"_N$verticalAlign":1,"_N$overflow":1},{"__type__":"cc.Node","_name":"gameDesc","_parent":{"__id__":3},"_children":[{"__id__":126},{"__id__":127},{"__id__":128},{"__id__":129},{"__id__":139},{"__id__":141}],"_position":{"__type__":"cc.Vec2","y":-34},"_active":false,"_components":[{"__type__":"19937pLnWFIHLzVECH7VswI","node":{"__id__":125}}]},{"__type__":"cc.Node","_name":"mask","_opacity":164,"_color":{"__type__":"cc.Color"},"_parent":{"__id__":125},"_contentSize":{"__type__":"cc.Size","width":1280,"height":720},"_components":[{"__type__":"cc.Sprite","node":{"__id__":126},"_spriteFrame":{"__uuid__":"a23235d1-15db-4b95-8439-a2e005bfff91"},"_sizeMode":0},{"__type__":"512b9zEVb9Gra7wG2/BcLR9","node":{"__id__":126}}]},{"__type__":"cc.Node","_name":"frame0","_parent":{"__id__":125},"_contentSize":{"__type__":"cc.Size","width":860,"height":530},"_components":[{"__type__":"cc.Sprite","node":{"__id__":127},"_spriteFrame":{"__uuid__":"edfcaef8-869f-41bf-a8a7-06759bb16923"},"_type":1,"_sizeMode":0}]},{"__type__":"cc.Node","_name":"frame1","_parent":{"__id__":125},"_contentSize":{"__type__":"cc.Size","width":840,"height":510},"_components":[{"__type__":"cc.Sprite","node":{"__id__":128},"_spriteFrame":{"__uuid__":"34248126-fb77-413b-8085-d0363c0ad8b6"},"_type":1,"_sizeMode":0}]},{"__type__":"cc.Node","_name":"frame2","_parent":{"__id__":125},"_contentSize":{"__type__":"cc.Size","width":820,"height":490},"_children":[{"__id__":130}],"_components":[{"__type__":"cc.Sprite","node":{"__id__":129},"_spriteFrame":{"__uuid__":"73d2afe4-bff1-4441-8136-4589b37e85fa"},"_type":1,"_sizeMode":0}]},{"__type__":"cc.Node","_name":"scrollView","_color":{"__type__":"cc.Color","r":184,"g":184,"b":184},"_parent":{"__id__":129},"_contentSize":{"__type__":"cc.Size","width":820,"height":480},"_children":[{"__id__":131},{"__id__":137}],"_components":[{"__type__":"cc.Sprite","node":{"__id__":130},"_type":1,"_sizeMode":0},{"__id__":135}]},{"__type__":"cc.Node","_name":"scrollBar","_color":{"__type__":"cc.Color","r":238,"g":217,"b":227},"_parent":{"__id__":130},"_anchorPoint":{"__type__":"cc.Vec2","x":1,"y":0.5},"_contentSize":{"__type__":"cc.Size","width":12,"height":480},"_children":[{"__id__":132}],"_position":{"__type__":"cc.Vec2","x":410},"_components":[{"__id__":134},{"__type__":"cc.Widget","node":{"__id__":131},"_alignFlags":37,"_left":350.07654921020657,"_originalHeight":237},{"__type__":"cc.Sprite","node":{"__id__":131},"_spriteFrame":{"__uuid__":"5fe5dcaa-b513-4dc5-a166-573627b3a159"},"_type":1,"_sizeMode":0}]},{"__type__":"cc.Node","_name":"bar","_color":{"__type__":"cc.Color","r":236,"g":241,"b":245},"_parent":{"__id__":131},"_anchorPoint":{"__type__":"cc.Vec2","x":1},"_contentSize":{"__type__":"cc.Size","width":10,"height":30},"_position":{"__type__":"cc.Vec2","x":-1},"_components":[{"__id__":133}]},{"__type__":"cc.Sprite","node":{"__id__":132},"_spriteFrame":{"__uuid__":"5c3bb932-6c3c-468f-88a9-c8c61d458641"},"_type":1,"_sizeMode":0},{"__type__":"cc.Scrollbar","node":{"__id__":131},"_scrollView":{"__id__":135},"_N$handle":{"__id__":133},"_N$direction":1},{"__type__":"cc.ScrollView","node":{"__id__":130},"content":{"__id__":136},"horizontal":false,"brake":0.75,"bounceDuration":0.23,"_N$horizontalScrollBar":null,"_N$verticalScrollBar":{"__id__":134}},{"__type__":"cc.Node","_name":"content","_parent":{"__id__":137},"_anchorPoint":{"__type__":"cc.Vec2","x":0.5,"y":1},"_contentSize":{"__type__":"cc.Size","width":820,"height":1890},"_children":[{"__id__":138}],"_position":{"__type__":"cc.Vec2","y":220},"_components":[{"__type__":"cc.Layout","node":{"__id__":136},"_layoutSize":{"__type__":"cc.Size","width":820,"height":1890},"_resize":1,"_N$layoutType":2,"_N$paddingTop":10}]},{"__type__":"cc.Node","_name":"view","_parent":{"__id__":130},"_contentSize":{"__type__":"cc.Size","width":820,"height":474},"_children":[{"__id__":136}],"_components":[{"__type__":"cc.Mask","node":{"__id__":137}}]},{"__type__":"cc.Node","_name":"descLabel","_color":{"__type__":"cc.Color","r":136,"g":60,"b":10},"_parent":{"__id__":136},"_contentSize":{"__type__":"cc.Size","width":740,"height":1880},"_position":{"__type__":"cc.Vec2","y":-950},"_components":[{"__type__":"cc.Label","node":{"__id__":138},"_useOriginalSize":false,"_actualFontSize":30,"_fontSize":30,"_N$string":"开局\n开房时可选是否带庄闲、牛（见规则2）、砸将头、荤底自定义。\n开房者先坐庄，下庄后，下家坐庄。\n\n胡牌基本牌型\na. 11、123、123、123、123\nb. 11、123、123、123、111（1111下同）\nc. 11、123、123、111、111。\nd. 11、123、111、111、111。\ne. 11、111、111、111、111。\n\n规则\n1. 开局起手杠，则不管庄、闲都可以直接胡牌（炸）或继续打下去，再依据幺九、非幺九结算。\n2. 开局起手牛（中、发财、白板）算10虎，每抓一张算5虎。\n3. 开局庄家可选择是否和牌，和牌需经4家全部同意。\n（注：1=单张；11=将、对；111=坎、碰；1111=杠；123=顺子）\n\n胡牌方式\n1. 普通胡：自摸胡和点炮。（算10虎）\n2. 飘荤胡：碰，砍，杠累计3次或4次，手中剩余两对或单张后的胡牌，叫飘荤。\n此玩法有全包：在别人上飘时，如手中有臭张（桌面已打出的牌），想出香张（桌面未打出的牌），打出后，被上飘者胡牌，则此人包其他两家所有算分。\n如手中无臭张，对子先出，如无对子，打任意一张牌后，被上飘者胡牌，则3家各自算分。\n手中剩两对包法：按照4321规则。\n手中剩一张包法：包上下2张最多共5张牌和4321规则。\n飘荤后除结算分外，额外每家多输自定义荤底。\n\n计分\n1. 不分放炮和自摸，选庄闲时，庄家虎数*2。\n2. 幺九碰算2虎，自起砍算10虎，他人开砍幺九算20虎，自开砍算30虎。2-8碰算1虎，自起砍算2虎，他人开砍算4虎，自开砍算6虎。\n3. 听2对，幺九别人出算2虎，自摸算10虎。2-8别人出算1虎，自摸算2虎。\nPS：红中、发财、白板算幺九。\n\n胡牌者\n每局只能有一位胡牌者。如有一人以上同时表示胡牌时，从打牌者按出牌方向，顺序在前者被定为“胡牌者”。\n","_N$verticalAlign":1,"_N$overflow":3}]},{"__type__":"cc.Node","_name":"title1","_parent":{"__id__":125},"_contentSize":{"__type__":"cc.Size","width":376,"height":48},"_children":[{"__id__":140}],"_position":{"__type__":"cc.Vec2","y":288.6},"_components":[{"__type__":"cc.Sprite","node":{"__id__":139},"_spriteFrame":{"__uuid__":"821c1bd6-4914-42d0-ad17-f34fdf6de927"}}]},{"__type__":"cc.Node","_name":"createRoom","_parent":{"__id__":139},"_contentSize":{"__type__":"cc.Size","width":148,"height":41},"_components":[{"__type__":"cc.Sprite","node":{"__id__":140},"_spriteFrame":{"__uuid__":"696801fc-8ab0-411a-8c3a-fcccd2e69dfe"}}]},{"__type__":"cc.Node","_name":"closeBtn","_parent":{"__id__":125},"_contentSize":{"__type__":"cc.Size","width":74,"height":73},"_position":{"__type__":"cc.Vec2","x":415,"y":252},"_components":[{"__type__":"cc.Sprite","node":{"__id__":141},"_spriteFrame":{"__uuid__":"fce19c68-d057-471d-a6e6-87a6b0c4a0f0"},"_type":1},{"__type__":"cc.Button","node":{"__id__":141},"transition":2,"pressedColor":{"__type__":"cc.Color","r":255,"g":255,"b":255},"pressedSprite":{"__uuid__":"b870dd74-4222-4646-8ae4-1beb980247cc"},"hoverSprite":{"__uuid__":"fce19c68-d057-471d-a6e6-87a6b0c4a0f0"},"clickEvents":[{"__type__":"cc.ClickEvent","target":{"__id__":125},"component":"description","handler":"OnHide"}],"_N$normalColor":{"__type__":"cc.Color","r":255,"g":255,"b":255},"_N$disabledColor":{"__type__":"cc.Color","r":255,"g":255,"b":255},"_N$normalSprite":{"__uuid__":"fce19c68-d057-471d-a6e6-87a6b0c4a0f0"},"_N$disabledSprite":{"__uuid__":"b870dd74-4222-4646-8ae4-1beb980247cc"},"_N$target":{"__id__":141}},{"__type__":"ff0cdnJdoZK+oIJBxXGa/53","node":{"__id__":141}}]}],{"__type__":"cc.SpriteFrame","content":{"name":"setting2","texture":"17dd9802a","rect":[495,826,70,86],"offset":[0,1],"originalSize":[78,90]}},{"__type__":"cc.SpriteFrame","content":{"name":"num5Btn","texture":"17dd9802a","rect":[641,816,106,62],"offset":[0,0],"originalSize":[106,62]}},{"__type__":"cc.SpriteFrame","content":{"name":"num7Btn2","texture":"17dd9802a","rect":[775,706,106,61],"offset":[0,-0.5],"originalSize":[106,62]}},{"__type__":"cc.SpriteFrame","content":{"name":"default_sprite_splash","texture":"0275e94c-56a7-410f-bd1a-fc7483f7d14a","rect":[0,0,2,2],"offset":[0,0],"originalSize":[2,2]}},{"__type__":"cc.SpriteFrame","content":{"name":"add","texture":"17dd9802a","rect":[447,366,40,39],"offset":[0,0.5],"originalSize":[40,40]}},{"__type__":"cc.SpriteFrame","content":{"name":"share2","texture":"17dd9802a","rect":[591,727,70,85],"offset":[0,1.5],"originalSize":[78,90]}},{"__type__":"cc.SpriteFrame","content":{"name":"sliderHandle","texture":"17dd9802a","rect":[537,371,44,43],"offset":[0,-0.5],"originalSize":[44,44]}},{"__type__":"cc.SpriteFrame","content":{"name":"joinBtn2","texture":"17dd9802a","rect":[555,68,300,299],"offset":[0,0.5],"originalSize":[310,310]}},{"__type__":"cc.SpriteFrame","content":{"name":"num3Btn","texture":"17dd9802a","rect":[533,916,106,62],"offset":[0,0],"originalSize":[106,62]}},{"__type__":"cc.SpriteFrame","content":{"name":"history","texture":"17dd9802a","rect":[2,931,74,90],"offset":[-1,0],"originalSize":[78,90]}},{"__type__":"cc.SpriteFrame","content":{"name":"close2","texture":"17dd9802a","rect":[569,817,68,67],"offset":[0,0],"originalSize":[74,73]}},{"__type__":"cc.SpriteFrame","content":{"name":"num2Btn2","texture":"17dd9802a","rect":[840,510,106,61],"offset":[0,-0.5],"originalSize":[106,62]}},{"__type__":"cc.SpriteFrame","content":{"name":"num8Btn","texture":"17dd9802a","rect":[730,575,106,62],"offset":[0,0],"originalSize":[106,62]}},{"__type__":"cc.SpriteFrame","content":{"name":"frameBottom","texture":"17dd9802a","rect":[308,829,94,94],"offset":[0,0],"originalSize":[94,94],"capInsets":[12,0,12,12]}},{"__type__":"cc.SpriteFrame","content":{"name":"moneyBg","texture":"17dd9802a","rect":[925,162,169,35],"offset":[-0.5,-0.5],"originalSize":[170,36],"rotated":1}},{"__type__":"cc.SpriteFrame","content":{"name":"roomCard","texture":"17dd9802a","rect":[964,162,56,56],"offset":[0,0],"originalSize":[56,56]}},{"__type__":"cc.SpriteFrame","content":{"name":"num1Btn2","texture":"17dd9802a","rect":[730,510,106,61],"offset":[0,-0.5],"originalSize":[106,62]}},{"__type__":"cc.SpriteFrame","content":{"name":"setting","texture":"17dd9802a","rect":[304,927,73,90],"offset":[-0.5,0],"originalSize":[78,90]}},{"__type__":"cc.SpriteFrame","content":{"name":"toggle","texture":"17dd9802a","rect":[964,261,34,34],"offset":[0,0],"originalSize":[34,34]}},{"__type__":"cc.SpriteFrame","content":{"name":"num4Btn2","texture":"17dd9802a","rect":[730,641,106,61],"offset":[0,-0.5],"originalSize":[106,62]}},{"__type__":"cc.SpriteFrame","content":{"name":"clearBtn2","texture":"17dd9802a","rect":[771,445,106,61],"offset":[0,-0.5],"originalSize":[106,62]}},{"__type__":"cc.SpriteFrame","content":{"name":"inputBg","texture":"17dd9802a","rect":[626,2,314,62],"offset":[0,0],"originalSize":[314,62]}},{"__type__":"cc.SpriteFrame","content":{"name":"frame0","texture":"17dd9802a","rect":[2,731,198,196],"offset":[-1,1],"originalSize":[200,200],"capInsets":[24,24,24,24]}},{"__type__":"cc.SpriteFrame","content":{"name":"num3Btn2","texture":"17dd9802a","rect":[643,948,106,61],"offset":[0,-0.5],"originalSize":[106,62]}},{"__type__":"cc.SpriteFrame","content":{"name":"toggleBg","texture":"17dd9802a","rect":[533,982,34,34],"offset":[0,0],"originalSize":[34,34]}},{"__type__":"cc.SpriteFrame","content":{"name":"close","texture":"17dd9802a","rect":[455,919,74,73],"offset":[0,0.5],"originalSize":[74,74]}}]