[{"__type__":"cc.SpriteFrame","content":{"name":"settingLabel","texture":"3ef035ab-ce1c-4022-832b-e040d4a1cdda","rect":[0,0,145,38],"offset":[-0.5,0],"originalSize":[146,38]}},{"__type__":"cc.SpriteFrame","content":{"name":"progressBar","texture":"11cd25098","rect":[348,103,295,26],"offset":[0,0],"originalSize":[295,26],"rotated":1,"capInsets":[12,0,12,0]}},{"__type__":"cc.SpriteFrame","content":{"name":"bg","texture":"a3a321c3-f418-4bf1-a005-567c30232ee4","rect":[0,0,1136,640],"offset":[0,0],"originalSize":[1136,640]}},{"__type__":"cc.SpriteFrame","content":{"name":"frame1","texture":"11cd25098","rect":[620,781,94,95],"offset":[-1,0.5],"originalSize":[100,100],"capInsets":[24,24,24,24]}},[{"__type__":"cc.SceneAsset","_name":"login","scene":{"__id__":1},"asyncLoadAssets":false},{"__type__":"cc.Scene","_name":"New Node","_children":[{"__id__":2},{"__id__":3},{"__id__":4},{"__id__":7},{"__id__":8},{"__id__":52},{"__id__":53}],"_anchorPoint":{"__type__":"cc.Vec2"},"autoReleaseAssets":false},{"__type__":"cc.Node","_name":"OnStart","_parent":{"__id__":1},"_components":[{"__type__":"4f813T7oLhJpafLozAqjFX7","node":{"__id__":2}}],"_id":"9e34cwthNxKzYvQYOoExy21","_position":{"__type__":"cc.Vec2","x":568,"y":320}},{"__type__":"cc.Node","_name":"GameEvent","_parent":{"__id__":1},"_components":[{"__type__":"ead453VPa5BvYmAUE7L3W/T","node":{"__id__":3}}],"_prefab":{"__type__":"cc.PrefabInfo","root":{"__id__":3},"fileId":"024da98GgRJcZ1o38LdU4d1"},"_id":"19de02F2U5Af5QcpLIuweHD","_position":{"__type__":"cc.Vec2","x":568,"y":320}},{"__type__":"cc.Node","_name":"notifyNode","_parent":{"__id__":1},"_children":[{"__id__":5}],"_components":[{"__type__":"cc.Sprite","node":{"__id__":4},"_spriteFrame":{"__uuid__":"c9d74c7b-f994-4106-8ad2-c6252bd57a46"}},{"__type__":"cc.Animation","node":{"__id__":4},"_defaultClip":{"__uuid__":"9d06688f-cc88-4cb3-ba30-00daa9999dae"},"_clips":[{"__uuid__":"9d06688f-cc88-4cb3-ba30-00daa9999dae"}]},{"__type__":"55a7bWtepZGrpS+inltGuOs","node":{"__id__":4},"lable":{"__id__":6},"needWait":false},{"__type__":"cc.Widget","node":{"__id__":4},"isAlignOnce":false,"_alignFlags":16}],"_prefab":{"__type__":"cc.PrefabInfo","root":{"__id__":4},"fileId":"b66e2s7evxEIYGsw7PkclxZ"},"_id":"3773aVwhl5LN6w3HJtzzIWl","_contentSize":{"__type__":"cc.Size","width":762,"height":64},"_position":{"__type__":"cc.Vec2","x":568,"y":678}},{"__type__":"cc.Node","_name":"label","_parent":{"__id__":4},"_components":[{"__id__":6}],"_prefab":{"__type__":"cc.PrefabInfo","root":{"__id__":4},"fileId":"52d67IAamNFaKkOYeJ0tHC8"},"_color":{"__type__":"cc.Color","r":158,"g":60,"b":10},"_contentSize":{"__type__":"cc.Size","height":40},"_position":{"__type__":"cc.Vec2","y":3.2}},{"__type__":"cc.Label","node":{"__id__":5},"_useOriginalSize":false,"_actualFontSize":30,"_fontSize":30,"_N$string":"","_N$horizontalAlign":1,"_N$verticalAlign":1},{"__type__":"cc.Node","_name":"AudioMng","_parent":{"__id__":1},"_components":[{"__type__":"a2f35VHzSRPj4U9zkTgB+ml","node":{"__id__":7},"gangAudio":{"__uuid__":"18171e6e-f8f7-43c2-8ecc-372a82208a86"},"pengAudio":{"__uuid__":"405762e6-b894-4ca8-b688-15d80e12fa1b"},"kanAudio":{"__uuid__":"9cba8168-e1cc-4e42-b641-83d6cdf3f31a"},"jiangAudio":{"__uuid__":"12ebe86f-82ce-4c50-b5e0-0226ccd6a0e5"},"chiAudio":{"__uuid__":"b328ce55-95fa-4d53-b5ab-22b01cb8dde8"},"niuAudio":{"__uuid__":"b5c9e839-01e6-42bb-b5a7-70dbae4b292b"},"addNiuAudio":{"__uuid__":"57826da5-f374-4aa1-aadc-dd917f31dc16"},"tingAudio":{"__uuid__":"1d8dcc3e-f237-4860-9f43-2deb3d90849e"},"huAudio":{"__uuid__":"9e0f4eaa-c196-4d63-9ffe-303b831c4db0"},"cardsAudio":[null,null,null,null,null,null,null,null,null,null,null,{"__uuid__":"4ec3259b-f93a-443f-9161-8695ccb4ada9"},{"__uuid__":"dec8da24-c9f6-4163-8c75-91db63de1be4"},{"__uuid__":"1029d3b5-b969-4514-9830-b1cee8680603"},{"__uuid__":"38c6a77c-55a0-40b3-89b7-763c4aed2077"},{"__uuid__":"f460c77a-6f2c-49e6-8872-d3e2af5fa6c7"},{"__uuid__":"00ad1585-4e7c-457b-abbc-fe6a910c213f"},{"__uuid__":"b8430b42-af54-4130-a01a-a357c695062f"},{"__uuid__":"2d3dcf40-947d-4559-b2d8-e71962255f86"},{"__uuid__":"75340285-066b-441a-a198-34b7a57c6c0f"},null,{"__uuid__":"44ffb1b7-90a0-487a-8c67-a2f8d8aaaaae"},{"__uuid__":"a3f3dbbe-8f09-4ec0-a7a6-e6ff19481315"},{"__uuid__":"90ba15af-a259-449c-84c6-8bbf7a9b17aa"},{"__uuid__":"4b9d0829-2443-4e0e-8f20-ba2c8f571a52"},{"__uuid__":"77255445-d7dc-43cc-a8c3-420acfa8a15a"},{"__uuid__":"d9e7b14d-59f8-4816-bac1-a8ced6f0707b"},{"__uuid__":"ac34cbdc-91e0-431c-b16e-1c714e51d363"},{"__uuid__":"9afc8b04-73aa-440a-b12b-295270b72cbb"},{"__uuid__":"46c887f5-7945-4eed-ab45-cd1c32cf4a10"},null,{"__uuid__":"6733fea2-bcce-4508-8418-ac158c61e078"},{"__uuid__":"1b0397d3-00f4-47e9-9824-accb7208b27a"},{"__uuid__":"18680392-da2b-415f-a92a-f564ec66dc52"},{"__uuid__":"c79d5ccc-61e7-4174-bff5-9247fa8f313e"},{"__uuid__":"3e5f2ce3-7356-46fa-8a84-1c627a1fffc4"},{"__uuid__":"0a86a005-078e-402e-a806-13d59d016e73"},{"__uuid__":"09fc3a54-59ba-4c8d-b614-0d2381e07c93"},{"__uuid__":"8cc84820-05dd-4c90-9a40-e5618aff24e9"},{"__uuid__":"0df71d52-c18e-46c0-865f-a74e9420798b"},null,null,null,null,null,{"__uuid__":"d0580f3d-5bcd-4c4b-bf2f-68fb4f8e37ce"},{"__uuid__":"4ff4dddb-fe68-47d0-97a2-a8302d901a2c"},{"__uuid__":"e16dfb95-1e5b-476b-ab72-edd4a8f3acf4"},null,null],"buttonAudio":{"__uuid__":"1fcb8665-8d3b-4dc9-a598-83a0d0cf2747"},"login":{"__uuid__":"be4cd394-276f-4e5a-a7a8-b9477e7be437"},"home":{"__uuid__":"3d94a502-df9c-44a4-8bd2-ce71cae0fe7f"},"game":{"__uuid__":"7de8e58c-acbc-4261-94a3-3905f95aac29"}}],"_id":"6160dD6jbtALpuSJCImjHcL"},{"__type__":"cc.Node","_name":"settting","_parent":{"__id__":1},"_children":[{"__id__":9},{"__id__":10},{"__id__":11},{"__id__":12},{"__id__":49},{"__id__":51}],"_components":[{"__type__":"c461dVPVlZEmIsxzFBKuVol","node":{"__id__":8},"musicSliderBar":{"__id__":37},"musicProgressBar":{"__id__":34},"soundSliderBar":{"__id__":48},"soundProgressBar":{"__id__":45}}],"_id":"256a1lUnwlHMZPs5EjXOihp","_contentSize":{"__type__":"cc.Size","width":300,"height":200},"_position":{"__type__":"cc.Vec2","x":568,"y":320}},{"__type__":"cc.Node","_name":"mask","_parent":{"__id__":8},"_components":[{"__type__":"cc.Sprite","node":{"__id__":9},"_spriteFrame":{"__uuid__":"a23235d1-15db-4b95-8439-a2e005bfff91"},"_sizeMode":0},{"__type__":"512b9zEVb9Gra7wG2/BcLR9","node":{"__id__":9}}],"_opacity":164,"_color":{"__type__":"cc.Color"},"_contentSize":{"__type__":"cc.Size","width":1920,"height":720}},{"__type__":"cc.Node","_name":"frame0","_parent":{"__id__":8},"_components":[{"__type__":"cc.Sprite","node":{"__id__":10},"_spriteFrame":{"__uuid__":"edfcaef8-869f-41bf-a8a7-06759bb16923"},"_type":1,"_sizeMode":0}],"_contentSize":{"__type__":"cc.Size","width":560,"height":340}},{"__type__":"cc.Node","_name":"frame1","_parent":{"__id__":8},"_components":[{"__type__":"cc.Sprite","node":{"__id__":11},"_spriteFrame":{"__uuid__":"34248126-fb77-413b-8085-d0363c0ad8b6"},"_type":1,"_sizeMode":0}],"_contentSize":{"__type__":"cc.Size","width":540,"height":320}},{"__type__":"cc.Node","_name":"frame2","_parent":{"__id__":8},"_children":[{"__id__":13},{"__id__":27},{"__id__":38}],"_components":[{"__type__":"cc.Sprite","node":{"__id__":12},"_spriteFrame":{"__uuid__":"5c5fa31e-e8a2-47e9-b937-3e44a4406ccc"},"_type":1,"_sizeMode":0}],"_contentSize":{"__type__":"cc.Size","width":520,"height":300}},{"__type__":"cc.Node","_name":"language","_parent":{"__id__":12},"_children":[{"__id__":14},{"__id__":26}],"_contentSize":{"__type__":"cc.Size","width":520,"height":120},"_position":{"__type__":"cc.Vec2","y":87}},{"__type__":"cc.Node","_name":"toggleGroup","_parent":{"__id__":13},"_children":[{"__id__":15},{"__id__":16},{"__id__":17},{"__id__":22}],"_components":[{"__id__":21}],"_contentSize":{"__type__":"cc.Size","width":221,"height":61},"_position":{"__type__":"cc.Vec2","x":-27,"y":-14}},{"__type__":"cc.Node","_name":"label1","_parent":{"__id__":14},"_components":[{"__type__":"cc.Label","node":{"__id__":15},"_useOriginalSize":false,"_actualFontSize":26,"_fontSize":26,"_N$string":"普通话","_N$horizontalAlign":1,"_N$verticalAlign":1}],"_color":{"__type__":"cc.Color","r":117,"g":92,"b":65},"_anchorPoint":{"__type__":"cc.Vec2","y":0.5},"_contentSize":{"__type__":"cc.Size","width":78,"height":40},"_position":{"__type__":"cc.Vec2","x":-30,"y":14}},{"__type__":"cc.Node","_name":"label2","_parent":{"__id__":14},"_active":false,"_components":[{"__type__":"cc.Label","node":{"__id__":16},"_useOriginalSize":false,"_actualFontSize":26,"_fontSize":26,"_N$string":"郯城方言","_N$horizontalAlign":1,"_N$verticalAlign":1}],"_color":{"__type__":"cc.Color","r":117,"g":92,"b":65},"_anchorPoint":{"__type__":"cc.Vec2","y":0.5},"_contentSize":{"__type__":"cc.Size","width":104,"height":40},"_position":{"__type__":"cc.Vec2","x":126,"y":14}},{"__type__":"cc.Node","_name":"toggle1","_parent":{"__id__":14},"_children":[{"__id__":18}],"_components":[{"__type__":"cc.Toggle","node":{"__id__":17},"transition":3,"_N$target":{"__id__":18},"toggleGroup":{"__id__":21},"checkMark":{"__id__":20},"checkEvents":[{"__type__":"cc.ClickEvent","target":{"__id__":8},"component":"setting","handler":"OnLanguageRadioChange","customEventData":"1"}]}],"_contentSize":{"__type__":"cc.Size","width":60,"height":50},"_position":{"__type__":"cc.Vec2","x":-62,"y":12}},{"__type__":"cc.Node","_name":"Background","_parent":{"__id__":17},"_children":[{"__id__":19}],"_components":[{"__type__":"cc.Sprite","node":{"__id__":18},"_spriteFrame":{"__uuid__":"fb92abbe-0b8e-457b-a481-c0fd6f79df9c"}}],"_contentSize":{"__type__":"cc.Size","width":34,"height":34}},{"__type__":"cc.Node","_name":"checkmark","_parent":{"__id__":18},"_components":[{"__id__":20}],"_contentSize":{"__type__":"cc.Size","width":34,"height":34}},{"__type__":"cc.Sprite","node":{"__id__":19},"_spriteFrame":{"__uuid__":"d68a09e8-b9ae-4522-9b45-9c5734044cf9"},"_sizeMode":2,"_isTrimmedMode":false},{"__type__":"cc.ToggleGroup","node":{"__id__":14}},{"__type__":"cc.Node","_name":"toggle2","_parent":{"__id__":14},"_children":[{"__id__":23}],"_active":false,"_components":[{"__type__":"cc.Toggle","node":{"__id__":22},"transition":3,"_N$target":{"__id__":23},"toggleGroup":{"__id__":21},"checkMark":{"__id__":25},"checkEvents":[{"__type__":"cc.ClickEvent","target":{"__id__":8},"component":"setting","handler":"OnLanguageRadioChange","customEventData":"2"}]}],"_contentSize":{"__type__":"cc.Size","width":60,"height":50},"_position":{"__type__":"cc.Vec2","x":96,"y":12}},{"__type__":"cc.Node","_name":"Background","_parent":{"__id__":22},"_children":[{"__id__":24}],"_components":[{"__type__":"cc.Sprite","node":{"__id__":23},"_spriteFrame":{"__uuid__":"fb92abbe-0b8e-457b-a481-c0fd6f79df9c"}}],"_contentSize":{"__type__":"cc.Size","width":34,"height":34}},{"__type__":"cc.Node","_name":"checkmark","_parent":{"__id__":23},"_components":[{"__id__":25}],"_contentSize":{"__type__":"cc.Size","width":34,"height":34}},{"__type__":"cc.Sprite","node":{"__id__":24},"_spriteFrame":{"__uuid__":"d68a09e8-b9ae-4522-9b45-9c5734044cf9"},"_sizeMode":2,"_isTrimmedMode":false},{"__type__":"cc.Node","_name":"yinxiaoLabel","_parent":{"__id__":13},"_components":[{"__type__":"cc.Label","node":{"__id__":26},"_useOriginalSize":false,"_actualFontSize":30,"_fontSize":30,"_lineHeight":32,"_N$string":"语言:","_N$horizontalAlign":1,"_N$verticalAlign":1}],"_color":{"__type__":"cc.Color","r":140,"g":58,"b":10},"_contentSize":{"__type__":"cc.Size","width":68.33,"height":32},"_position":{"__type__":"cc.Vec2","x":-161}},{"__type__":"cc.Node","_name":"yinyueFrame","_parent":{"__id__":12},"_children":[{"__id__":28},{"__id__":29}],"_components":[{"__type__":"cc.Sprite","node":{"__id__":27},"_type":1,"_sizeMode":0}],"_contentSize":{"__type__":"cc.Size","width":520,"height":80}},{"__type__":"cc.Node","_name":"yinxiaoLabel","_parent":{"__id__":27},"_components":[{"__type__":"cc.Label","node":{"__id__":28},"_useOriginalSize":false,"_actualFontSize":30,"_fontSize":30,"_lineHeight":32,"_N$string":"音乐:","_N$horizontalAlign":1,"_N$verticalAlign":1}],"_color":{"__type__":"cc.Color","r":140,"g":58,"b":10},"_contentSize":{"__type__":"cc.Size","width":68.33,"height":32},"_position":{"__type__":"cc.Vec2","x":-161}},{"__type__":"cc.Node","_name":"slider","_parent":{"__id__":27},"_children":[{"__id__":30},{"__id__":31},{"__id__":35}],"_components":[{"__id__":37}],"_contentSize":{"__type__":"cc.Size","width":310,"height":20},"_position":{"__type__":"cc.Vec2","x":43}},{"__type__":"cc.Node","_name":"Background","_parent":{"__id__":29},"_components":[{"__type__":"cc.Sprite","node":{"__id__":30},"_spriteFrame":{"__uuid__":"ea8db1f9-5709-44b4-a7af-629ca46d2b1a"}}],"_contentSize":{"__type__":"cc.Size","width":298,"height":28}},{"__type__":"cc.Node","_name":"progressBar","_parent":{"__id__":29},"_children":[{"__id__":32}],"_components":[{"__id__":34}],"_anchorPoint":{"__type__":"cc.Vec2","y":0.5},"_contentSize":{"__type__":"cc.Size","width":310,"height":24},"_position":{"__type__":"cc.Vec2","x":-153.8,"y":0.3}},{"__type__":"cc.Node","_name":"bar","_parent":{"__id__":31},"_components":[{"__id__":33}],"_anchorPoint":{"__type__":"cc.Vec2","y":0.5},"_contentSize":{"__type__":"cc.Size","width":310,"height":24},"_position":{"__type__":"cc.Vec2","x":7,"y":-2}},{"__type__":"cc.Sprite","node":{"__id__":32},"_spriteFrame":{"__uuid__":"17ccb56c-c2f2-4a4d-8ffd-ea07323984ad"},"_type":1,"_sizeMode":0},{"__type__":"cc.ProgressBar","node":{"__id__":31},"_N$totalLength":310,"_N$barSprite":{"__id__":33}},{"__type__":"cc.Node","_name":"Handle","_parent":{"__id__":29},"_components":[{"__type__":"cc.Sprite","node":{"__id__":35},"_spriteFrame":{"__uuid__":"aca52f3d-ca24-4915-8174-1c58e01b7f5b"},"_type":1},{"__id__":36}],"_contentSize":{"__type__":"cc.Size","width":44,"height":43},"_position":{"__type__":"cc.Vec2","x":155}},{"__type__":"cc.Button","node":{"__id__":35},"transition":2,"pressedColor":{"__type__":"cc.Color","r":255,"g":255,"b":255},"zoomScale":0.1,"pressedSprite":{"__uuid__":"aca52f3d-ca24-4915-8174-1c58e01b7f5b"},"hoverSprite":{"__uuid__":"aca52f3d-ca24-4915-8174-1c58e01b7f5b"},"_N$enableAutoGrayEffect":true,"_N$normalColor":{"__type__":"cc.Color","r":255,"g":255,"b":255},"_N$disabledColor":{"__type__":"cc.Color","r":255,"g":255,"b":255},"_N$normalSprite":{"__uuid__":"aca52f3d-ca24-4915-8174-1c58e01b7f5b"},"_N$disabledSprite":{"__uuid__":"aca52f3d-ca24-4915-8174-1c58e01b7f5b"},"_N$target":{"__id__":35}},{"__type__":"cc.Slider","node":{"__id__":29},"slideEvents":[{"__type__":"cc.ClickEvent","target":{"__id__":8},"component":"setting","handler":"OnSliderMusic"}],"_N$handle":{"__id__":36},"_N$progress":1},{"__type__":"cc.Node","_name":"yinxiaoFrame","_parent":{"__id__":12},"_children":[{"__id__":39},{"__id__":40}],"_components":[{"__type__":"cc.Sprite","node":{"__id__":38},"_type":1,"_sizeMode":0}],"_contentSize":{"__type__":"cc.Size","width":520,"height":80},"_position":{"__type__":"cc.Vec2","y":-60}},{"__type__":"cc.Node","_name":"yinxiaoLabel","_parent":{"__id__":38},"_components":[{"__type__":"cc.Label","node":{"__id__":39},"_useOriginalSize":false,"_actualFontSize":30,"_fontSize":30,"_lineHeight":32,"_N$string":"音效:","_N$horizontalAlign":1,"_N$verticalAlign":1}],"_color":{"__type__":"cc.Color","r":140,"g":58,"b":10},"_contentSize":{"__type__":"cc.Size","width":68.33,"height":32},"_position":{"__type__":"cc.Vec2","x":-161}},{"__type__":"cc.Node","_name":"slider","_parent":{"__id__":38},"_children":[{"__id__":41},{"__id__":42},{"__id__":46}],"_components":[{"__id__":48}],"_contentSize":{"__type__":"cc.Size","width":310,"height":20},"_position":{"__type__":"cc.Vec2","x":43}},{"__type__":"cc.Node","_name":"Background","_parent":{"__id__":40},"_components":[{"__type__":"cc.Sprite","node":{"__id__":41},"_spriteFrame":{"__uuid__":"ea8db1f9-5709-44b4-a7af-629ca46d2b1a"}}],"_contentSize":{"__type__":"cc.Size","width":298,"height":28}},{"__type__":"cc.Node","_name":"progressBar","_parent":{"__id__":40},"_children":[{"__id__":43}],"_components":[{"__id__":45}],"_anchorPoint":{"__type__":"cc.Vec2","y":0.5},"_contentSize":{"__type__":"cc.Size","width":310,"height":24},"_position":{"__type__":"cc.Vec2","x":-153.8,"y":0.3}},{"__type__":"cc.Node","_name":"bar","_parent":{"__id__":42},"_components":[{"__id__":44}],"_anchorPoint":{"__type__":"cc.Vec2","y":0.5},"_contentSize":{"__type__":"cc.Size","width":310,"height":24},"_position":{"__type__":"cc.Vec2","x":7,"y":-2}},{"__type__":"cc.Sprite","node":{"__id__":43},"_spriteFrame":{"__uuid__":"17ccb56c-c2f2-4a4d-8ffd-ea07323984ad"},"_type":1,"_sizeMode":0},{"__type__":"cc.ProgressBar","node":{"__id__":42},"_N$totalLength":310,"_N$barSprite":{"__id__":44}},{"__type__":"cc.Node","_name":"Handle","_parent":{"__id__":40},"_components":[{"__type__":"cc.Sprite","node":{"__id__":46},"_spriteFrame":{"__uuid__":"aca52f3d-ca24-4915-8174-1c58e01b7f5b"},"_type":1},{"__id__":47}],"_contentSize":{"__type__":"cc.Size","width":44,"height":43},"_position":{"__type__":"cc.Vec2","x":155}},{"__type__":"cc.Button","node":{"__id__":46},"transition":2,"pressedColor":{"__type__":"cc.Color","r":255,"g":255,"b":255},"zoomScale":0.1,"pressedSprite":{"__uuid__":"aca52f3d-ca24-4915-8174-1c58e01b7f5b"},"hoverSprite":{"__uuid__":"aca52f3d-ca24-4915-8174-1c58e01b7f5b"},"_N$enableAutoGrayEffect":true,"_N$normalColor":{"__type__":"cc.Color","r":255,"g":255,"b":255},"_N$disabledColor":{"__type__":"cc.Color","r":255,"g":255,"b":255},"_N$normalSprite":{"__uuid__":"aca52f3d-ca24-4915-8174-1c58e01b7f5b"},"_N$disabledSprite":{"__uuid__":"aca52f3d-ca24-4915-8174-1c58e01b7f5b"},"_N$target":{"__id__":46}},{"__type__":"cc.Slider","node":{"__id__":40},"slideEvents":[{"__type__":"cc.ClickEvent","target":{"__id__":8},"component":"setting","handler":"OnSliderSound"}],"_N$handle":{"__id__":47},"_N$progress":1},{"__type__":"cc.Node","_name":"title1","_parent":{"__id__":8},"_children":[{"__id__":50}],"_components":[{"__type__":"cc.Sprite","node":{"__id__":49},"_spriteFrame":{"__uuid__":"821c1bd6-4914-42d0-ad17-f34fdf6de927"}}],"_contentSize":{"__type__":"cc.Size","width":376,"height":48},"_position":{"__type__":"cc.Vec2","y":194}},{"__type__":"cc.Node","_name":"setting","_parent":{"__id__":49},"_components":[{"__type__":"cc.Sprite","node":{"__id__":50},"_spriteFrame":{"__uuid__":"029db001-5bc8-4710-94f6-c52070f6dca3"}}],"_contentSize":{"__type__":"cc.Size","width":145,"height":38}},{"__type__":"cc.Node","_name":"closeBtn","_parent":{"__id__":8},"_components":[{"__type__":"cc.Sprite","node":{"__id__":51},"_spriteFrame":{"__uuid__":"fce19c68-d057-471d-a6e6-87a6b0c4a0f0"},"_type":1},{"__type__":"cc.Button","node":{"__id__":51},"transition":2,"pressedColor":{"__type__":"cc.Color","r":255,"g":255,"b":255},"pressedSprite":{"__uuid__":"b870dd74-4222-4646-8ae4-1beb980247cc"},"hoverSprite":{"__uuid__":"fce19c68-d057-471d-a6e6-87a6b0c4a0f0"},"clickEvents":[{"__type__":"cc.ClickEvent","target":{"__id__":8},"component":"setting","handler":"OnClose"}],"_N$normalColor":{"__type__":"cc.Color","r":255,"g":255,"b":255},"_N$disabledColor":{"__type__":"cc.Color","r":255,"g":255,"b":255},"_N$normalSprite":{"__uuid__":"fce19c68-d057-471d-a6e6-87a6b0c4a0f0"},"_N$disabledSprite":{"__uuid__":"b870dd74-4222-4646-8ae4-1beb980247cc"},"_N$target":{"__id__":51}},{"__type__":"ff0cdnJdoZK+oIJBxXGa/53","node":{"__id__":51}}],"_contentSize":{"__type__":"cc.Size","width":74,"height":73},"_position":{"__type__":"cc.Vec2","x":270,"y":170}},{"__type__":"cc.Node","_name":"bg","_parent":{"__id__":1},"_components":[{"__type__":"cc.Sprite","node":{"__id__":52},"_spriteFrame":{"__uuid__":"2ed23827-c521-4e34-a365-90b597b3b39e"},"_sizeMode":0},{"__type__":"cc.Widget","node":{"__id__":52},"_alignFlags":45,"_originalWidth":1136,"_originalHeight":640}],"_id":"14a57oEdshC1bGyAKSb6rXn","_contentSize":{"__type__":"cc.Size","width":1136,"height":640},"_position":{"__type__":"cc.Vec2","x":568,"y":320}},{"__type__":"cc.Node","_name":"Canvas","_parent":{"__id__":1},"_children":[{"__id__":54},{"__id__":55},{"__id__":60},{"__id__":62},{"__id__":63}],"_components":[{"__type__":"cc.Canvas","node":{"__id__":53},"_designResolution":{"__type__":"cc.Size","width":1136,"height":640}},{"__type__":"88dbawpJVVCo53D5WyUOlgx","node":{"__id__":53},"persistNodes":[{"__id__":7},{"__id__":4},{"__id__":8}],"buttonsPnl":{"__id__":55},"weixinBtn":{"__id__":57},"guestBtn":{"__id__":59},"wxWebView":{"__id__":61}}],"_id":"bf858WpicJN+LzpFbR4v7Mh","_contentSize":{"__type__":"cc.Size","width":1136,"height":640},"_position":{"__type__":"cc.Vec2","x":568,"y":320}},{"__type__":"cc.Node","_name":"logoMain","_parent":{"__id__":53},"_components":[{"__type__":"cc.Sprite","node":{"__id__":54},"_spriteFrame":{"__uuid__":"fcad63d3-d1ac-4a27-b459-96c23a64a569"}}],"_contentSize":{"__type__":"cc.Size","width":476,"height":154},"_position":{"__type__":"cc.Vec2","y":60}},{"__type__":"cc.Node","_name":"buttons","_parent":{"__id__":53},"_children":[{"__id__":56},{"__id__":58}],"_components":[{"__type__":"cc.Sprite","node":{"__id__":55},"_type":1,"_sizeMode":0},{"__type__":"cc.Layout","node":{"__id__":55},"_layoutSize":{"__type__":"cc.Size","width":568,"height":150},"_resize":1,"_N$layoutType":1,"_N$spacingX":40}],"_color":{"__type__":"cc.Color","r":167,"g":167,"b":167},"_contentSize":{"__type__":"cc.Size","width":568,"height":150},"_position":{"__type__":"cc.Vec2","y":-100}},{"__type__":"cc.Node","_name":"weixinBtn","_parent":{"__id__":55},"_components":[{"__type__":"cc.Sprite","node":{"__id__":56},"_spriteFrame":{"__uuid__":"e162d23a-2dbe-4f3d-ad35-63d3b4c773c8"}},{"__id__":57},{"__type__":"75ab2NzszVJfrt4+z6hBKqE","node":{"__id__":56}}],"_contentSize":{"__type__":"cc.Size","width":264,"height":90},"_position":{"__type__":"cc.Vec2","x":-152}},{"__type__":"cc.Button","node":{"__id__":56},"transition":2,"pressedColor":{"__type__":"cc.Color","r":255,"g":255,"b":255},"pressedSprite":{"__uuid__":"d6495622-96a3-4fd5-9817-3d12fc72f117"},"hoverSprite":{"__uuid__":"e162d23a-2dbe-4f3d-ad35-63d3b4c773c8"},"clickEvents":[{"__type__":"cc.ClickEvent","target":{"__id__":53},"component":"login","handler":"onWeiXinLogin"}],"_N$normalColor":{"__type__":"cc.Color","r":255,"g":255,"b":255},"_N$disabledColor":{"__type__":"cc.Color","r":255,"g":255,"b":255},"_N$normalSprite":{"__uuid__":"e162d23a-2dbe-4f3d-ad35-63d3b4c773c8"},"_N$disabledSprite":{"__uuid__":"d6495622-96a3-4fd5-9817-3d12fc72f117"},"_N$target":{"__id__":56}},{"__type__":"cc.Node","_name":"guestBtn","_parent":{"__id__":55},"_components":[{"__type__":"cc.Sprite","node":{"__id__":58},"_spriteFrame":{"__uuid__":"c19aaf56-3584-4337-aba1-14d96a1ed6dc"}},{"__id__":59},{"__type__":"75ab2NzszVJfrt4+z6hBKqE","node":{"__id__":58}}],"_contentSize":{"__type__":"cc.Size","width":264,"height":90},"_position":{"__type__":"cc.Vec2","x":152}},{"__type__":"cc.Button","node":{"__id__":58},"transition":2,"pressedColor":{"__type__":"cc.Color","r":255,"g":255,"b":255},"pressedSprite":{"__uuid__":"c19aaf56-3584-4337-aba1-14d96a1ed6dc"},"hoverSprite":{"__uuid__":"c19aaf56-3584-4337-aba1-14d96a1ed6dc"},"clickEvents":[{"__type__":"cc.ClickEvent","target":{"__id__":53},"component":"login","handler":"onGuestLogin"}],"_N$normalColor":{"__type__":"cc.Color","r":255,"g":255,"b":255},"_N$disabledColor":{"__type__":"cc.Color","r":255,"g":255,"b":255},"_N$normalSprite":{"__uuid__":"c19aaf56-3584-4337-aba1-14d96a1ed6dc"},"_N$disabledSprite":{"__uuid__":"c19aaf56-3584-4337-aba1-14d96a1ed6dc"},"_N$target":{"__id__":58}},{"__type__":"cc.Node","_name":"wxWebView","_parent":{"__id__":53},"_active":false,"_components":[{"__id__":61}],"_contentSize":{"__type__":"cc.Size","width":600,"height":600}},{"__type__":"cc.WebView","node":{"__id__":60},"_useOriginalSize":false},{"__type__":"cc.Node","_name":"userAgreement","_parent":{"__id__":53},"_active":false,"_components":[{"__type__":"cc.Sprite","node":{"__id__":62},"_spriteFrame":{"__uuid__":"dd3335f8-04c2-413f-a838-8f4675c346ac"}},{"__type__":"cc.Button","node":{"__id__":62},"transition":2,"pressedColor":{"__type__":"cc.Color","r":255,"g":255,"b":255},"pressedSprite":{"__uuid__":"dd3335f8-04c2-413f-a838-8f4675c346ac"},"hoverSprite":{"__uuid__":"dd3335f8-04c2-413f-a838-8f4675c346ac"},"_N$normalColor":{"__type__":"cc.Color","r":255,"g":255,"b":255},"_N$disabledColor":{"__type__":"cc.Color","r":255,"g":255,"b":255},"_N$normalSprite":{"__uuid__":"dd3335f8-04c2-413f-a838-8f4675c346ac"},"_N$disabledSprite":{"__uuid__":"dd3335f8-04c2-413f-a838-8f4675c346ac"},"_N$target":{"__id__":62}},{"__type__":"75ab2NzszVJfrt4+z6hBKqE","node":{"__id__":62}}],"_contentSize":{"__type__":"cc.Size","width":246,"height":40},"_position":{"__type__":"cc.Vec2","y":-196}},{"__type__":"cc.Node","_name":"toggle","_parent":{"__id__":53},"_children":[{"__id__":64}],"_active":false,"_components":[{"__type__":"cc.Toggle","node":{"__id__":63},"transition":3,"_N$target":{"__id__":64},"checkMark":{"__id__":66}}],"_contentSize":{"__type__":"cc.Size","width":28,"height":28},"_position":{"__type__":"cc.Vec2","x":-151,"y":-195}},{"__type__":"cc.Node","_name":"Background","_parent":{"__id__":63},"_children":[{"__id__":65}],"_components":[{"__type__":"cc.Sprite","node":{"__id__":64},"_spriteFrame":{"__uuid__":"6827ca32-0107-4552-bab2-dfb31799bb44"}}],"_contentSize":{"__type__":"cc.Size","width":28,"height":28}},{"__type__":"cc.Node","_name":"checkmark","_parent":{"__id__":64},"_components":[{"__id__":66}],"_contentSize":{"__type__":"cc.Size","width":28,"height":28}},{"__type__":"cc.Sprite","node":{"__id__":65},"_spriteFrame":{"__uuid__":"90004ad6-2f6d-40e1-93ef-b714375c6f06"},"_sizeMode":2,"_isTrimmedMode":false}],{"__type__":"cc.SpriteFrame","content":{"name":"frame3","texture":"11cd25098","rect":[840,558,96,96],"offset":[0,0],"originalSize":[100,100],"capInsets":[24,24,24,24]}},{"__type__":"cc.SpriteFrame","content":{"name":"default_toggle_normal","texture":"d29077ba-1627-4a72-9579-7b56a235340c","rect":[0,0,28,28],"offset":[0,0],"originalSize":[28,28]}},{"__type__":"cc.SpriteFrame","content":{"name":"title1","texture":"11cd25098","rect":[2,51,376,48],"offset":[0,0],"originalSize":[376,48]}},{"__type__":"cc.SpriteFrame","content":{"name":"default_toggle_checkmark","texture":"73a0903d-d80e-4e3c-aa67-f999543c08f5","rect":[5,3,20,19],"offset":[1,1.5],"originalSize":[28,28]}},{"__type__":"cc.AnimationClip","_name":"anim-notify","_duration":1.6666666666666667,"curveData":{"props":{"position":[{"frame":0,"value":[568,678],"curve":"quadOut"},{"frame":0.3333333333333333,"value":[568,608]},{"frame":1.3333333333333333,"value":[568,608],"curve":"quadIn"},{"frame":1.6666666666666667,"value":[568,678]}]}},"events":[{"frame":1.3333333333333333,"func":"onNeedExit","params":[]},{"frame":1.6666666666666667,"func":"onExitAnim","params":[]}]},{"__type__":"cc.SpriteFrame","content":{"name":"default_sprite_splash","texture":"0275e94c-56a7-410f-bd1a-fc7483f7d14a","rect":[0,0,2,2],"offset":[0,0],"originalSize":[2,2]}},{"__type__":"cc.SpriteFrame","content":{"name":"sliderHandle","texture":"11cd25098","rect":[836,95,44,43],"offset":[0,-0.5],"originalSize":[44,44]}},{"__type__":"cc.SpriteFrame","content":{"name":"close2","texture":"11cd25098","rect":[895,742,68,67],"offset":[0,0],"originalSize":[74,73]}},{"__type__":"cc.SpriteFrame","content":{"name":"guestLogin","texture":"7b297959-cc70-43e5-acfc-62c0f6d785c6","rect":[0,0,264,90],"offset":[0,0],"originalSize":[264,90]}},{"__type__":"cc.SpriteFrame","content":{"name":"notifybg","texture":"ca3673ca-c705-4824-80b4-5d780ea4f5c7","rect":[0,0,762,64],"offset":[0,0],"originalSize":[762,64]}},{"__type__":"cc.SpriteFrame","content":{"name":"weixinLogin2","texture":"c07158ff-e668-4f08-9485-1ac48e0f0161","rect":[0,0,264,90],"offset":[0,0],"originalSize":[264,90]}},{"__type__":"cc.SpriteFrame","content":{"name":"toggle","texture":"11cd25098","rect":[620,974,34,34],"offset":[0,0],"originalSize":[34,34]}},{"__type__":"cc.SpriteFrame","content":{"name":"userAgreement","texture":"7e25a2a1-1ed5-4c59-92ac-49cee7b4b7c8","rect":[0,0,246,40],"offset":[0,0],"originalSize":[246,40]}},{"__type__":"cc.SpriteFrame","content":{"name":"weixinLogin","texture":"833dab8c-d6ae-4ae5-b6a7-5cf26bb6076a","rect":[0,0,264,90],"offset":[0,0],"originalSize":[264,90]}},{"__type__":"cc.SpriteFrame","content":{"name":"progressBarBg2","texture":"11cd25098","rect":[316,103,298,28],"offset":[0,0],"originalSize":[298,28],"rotated":1}},{"__type__":"cc.SpriteFrame","content":{"name":"frame0","texture":"11cd25098","rect":[2,731,198,196],"offset":[-1,1],"originalSize":[200,200],"capInsets":[24,24,24,24]}},{"__type__":"cc.SpriteFrame","content":{"name":"toggleBg","texture":"11cd25098","rect":[730,638,34,34],"offset":[0,0],"originalSize":[34,34]}},{"__type__":"cc.SpriteFrame","content":{"name":"logoMain","texture":"fd0b7670-6215-4fcd-9401-daceb99f461a","rect":[4,6,476,154],"offset":[2,-1],"originalSize":[480,164]}},{"__type__":"cc.SpriteFrame","content":{"name":"close","texture":"11cd25098","rect":[542,320,74,73],"offset":[0,0.5],"originalSize":[74,74]}}]